Wavelength_1,Abs_1,Wavelength_2,Abs_2,Wavelength_3,Abs_3,Wavelength_4,Abs_4
1500,0.004147544,1500,0.004137718,1500,0.005952864,1500,0.012077134
1499,0.004362317,1499,0.00433102,1499,0.006136658,1499,0.012276959
1498,0.004511461,1498,0.004459727,1498,0.00630716,1498,0.012400052
1497,0.004189074,1497,0.004218348,1497,0.006017899,1497,0.012140271
1496,0.004269635,1496,0.004241429,1496,0.006074702,1496,0.012225117
1495,0.004287777,1495,0.004211578,1495,0.006043964,1495,0.012386921
1494,0.004335073,1494,0.004505811,1494,0.006336867,1494,0.012464382
1493,0.004235992,1493,0.00429834,1493,0.006078954,1493,0.012261408
1492,0.004452404,1492,0.004475105,1492,0.006225958,1492,0.012446134
1491,0.004674628,1491,0.004635538,1491,0.006434537,1491,0.012704019
1490,0.004476988,1490,0.004398716,1490,0.006275565,1490,0.01243388
1489,0.004311621,1489,0.004352591,1489,0.006175857,1489,0.012364281
1488,0.004663822,1488,0.004631666,1488,0.006434589,1488,0.012683921
1487,0.004889688,1487,0.004829873,1487,0.006651153,1487,0.012878986
1486,0.004558754,1486,0.004576621,1486,0.006403405,1486,0.012613936
1485,0.004431064,1485,0.004406273,1485,0.00620839,1485,0.012487772
1484,0.004823775,1484,0.004844008,1484,0.00662295,1484,0.012915306
1483,0.004866651,1483,0.004875081,1483,0.006684538,1483,0.012931227
1482,0.004721573,1482,0.004672273,1482,0.006496334,1482,0.012746587
1481,0.004767946,1481,0.004736646,1481,0.006523031,1481,0.012857868
1480,0.00515072,1480,0.005099381,1480,0.006902147,1480,0.013236365
1479,0.0050921,1479,0.005106322,1479,0.006897097,1479,0.01318593
1478,0.004727513,1478,0.004675596,1478,0.006507133,1478,0.012831898
1477,0.004873065,1477,0.004893615,1477,0.006664034,1477,0.013005851
1476,0.005112818,1476,0.005115542,1476,0.006881238,1476,0.01316896
1475,0.005101738,1475,0.005073661,1475,0.006855966,1475,0.013251257
1474,0.004808672,1474,0.004827936,1474,0.006656568,1474,0.012983313
1473,0.005007981,1473,0.004965038,1473,0.006759042,1473,0.013142331
1472,0.005446114,1472,0.005425669,1472,0.007204657,1472,0.013586694
1471,0.005458854,1471,0.005490442,1471,0.007234794,1471,0.013608596
1470,0.005178985,1470,0.005194336,1470,0.006992552,1470,0.013353591
1469,0.005177413,1469,0.005175815,1469,0.006926371,1469,0.013339497
1468,0.005453375,1468,0.005459561,1468,0.007217291,1468,0.013606566
1467,0.005414214,1467,0.005368977,1467,0.007203315,1467,0.013659562
1466,0.005234499,1466,0.005221949,1466,0.007065715,1466,0.013461556
1465,0.005167878,1465,0.005131362,1465,0.006939206,1465,0.013395851
1464,0.005419824,1464,0.005377311,1464,0.007147023,1464,0.013622486
1463,0.005660901,1463,0.005661373,1463,0.007453601,1463,0.013899297
1462,0.005380063,1462,0.005417936,1462,0.007217343,1462,0.013632663
1461,0.005198318,1461,0.005213539,1461,0.006994077,1461,0.013532827
1460,0.005611311,1460,0.005523238,1460,0.007311262,1460,0.013822596
1459,0.005698641,1459,0.005673332,1459,0.00744894,1459,0.013918248
1458,0.005587685,1458,0.005584827,1458,0.007379845,1458,0.013852607
1457,0.005454293,1457,0.005415918,1457,0.007248797,1457,0.01372456
1456,0.005624003,1456,0.005578167,1456,0.007345513,1456,0.013918675
1455,0.005989553,1455,0.005947195,1455,0.007724268,1455,0.014254496
1454,0.005895579,1454,0.005933234,1454,0.007700421,1454,0.014181662
1453,0.005506879,1453,0.005547595,1453,0.007330191,1453,0.013894754
1452,0.005758287,1452,0.005685056,1452,0.007462686,1452,0.014078357
1451,0.00616819,1451,0.006035091,1451,0.007813184,1451,0.014420643
1450,0.00629999,1450,0.006296129,1450,0.008074343,1450,0.014672741
1449,0.006033805,1449,0.006109039,1449,0.007898928,1449,0.014447644
1448,0.005783418,1448,0.00572445,1448,0.007527,1448,0.014112906
1447,0.005904316,1447,0.005790711,1447,0.007568222,1447,0.014230983
1446,0.006326203,1446,0.006291349,1446,0.008031676,1446,0.014669581
1445,0.006341385,1445,0.006421716,1445,0.00819567,1445,0.014779615
1444,0.00604042,1444,0.0061077,1444,0.007911608,1444,0.014538242
1443,0.006071053,1443,0.005974069,1443,0.007703926,1443,0.014406567
1442,0.00636035,1442,0.006300778,1442,0.008057545,1442,0.014824906
1441,0.006179428,1441,0.006189563,1441,0.008011952,1441,0.014656328
1440,0.006125237,1440,0.006291586,1440,0.008003805,1440,0.014633463
1439,0.006091056,1439,0.00608788,1439,0.007864527,1439,0.014507568
1438,0.006374823,1438,0.006234046,1438,0.008011294,1438,0.014798283
1437,0.006722735,1437,0.006648972,1437,0.008384058,1437,0.015162311
1436,0.006525501,1436,0.006599401,1436,0.008381656,1436,0.014981813
1435,0.00616349,1435,0.006320661,1435,0.008148164,1435,0.014655418
1434,0.006414307,1434,0.006306557,1434,0.008101877,1434,0.014921905
1433,0.00663646,1433,0.006466721,1433,0.008238591,1433,0.015103531
1432,0.006858885,1432,0.006842238,1432,0.008560092,1432,0.015298211
1431,0.006769034,1431,0.006923451,1431,0.008658897,1431,0.015292848
1430,0.006484036,1430,0.006579952,1430,0.008357219,1430,0.015014932
1429,0.00642366,1429,0.006313359,1429,0.008099081,1429,0.014955181
1428,0.006847182,1428,0.006610177,1428,0.00845091,1428,0.015386438
1427,0.006914692,1427,0.006815232,1427,0.008615459,1427,0.015471357
1426,0.006529968,1426,0.006751418,1426,0.008524057,1426,0.015142101
1425,0.006532333,1425,0.006628023,1425,0.008451227,1425,0.015076569
1424,0.006706093,1424,0.006598087,1424,0.008357061,1424,0.015302045
1423,0.007080713,1423,0.006887103,1423,0.008644241,1423,0.015651684
1422,0.007132734,1422,0.007116998,1422,0.008872267,1422,0.015707238
1421,0.006848234,1421,0.00701807,1421,0.008808203,1421,0.015423424
1420,0.006659959,1420,0.006770611,1420,0.008577068,1420,0.015313683
1419,0.007004916,1419,0.007070451,1419,0.008844342,1419,0.015707668
1418,0.007332928,1418,0.007163128,1418,0.008918294,1418,0.015968516
1417,0.007294204,1417,0.007194051,1417,0.008980181,1417,0.015908767
1416,0.007021726,1416,0.007123076,1416,0.008892612,1416,0.015617684
1415,0.006813944,1415,0.006962117,1415,0.008784244,1415,0.015506768
1414,0.007223133,1414,0.007236741,1414,0.009059707,1414,0.015904309
1413,0.007405123,1413,0.007191604,1413,0.008926221,1413,0.0159983
1412,0.007439091,1412,0.007375132,1412,0.009162643,1412,0.016125515
1411,0.007211974,1411,0.007368445,1411,0.009137846,1411,0.015880788
1410,0.007049903,1410,0.00730634,1410,0.009134753,1410,0.015797373
1409,0.007421711,1409,0.007367208,1409,0.009155452,1409,0.016159421
1408,0.007552681,1408,0.00731063,1408,0.009103162,1408,0.016272547
1407,0.007682952,1407,0.007511224,1407,0.009281974,1407,0.016376777
1406,0.007603863,1406,0.007725269,1406,0.00944504,1406,0.016290525
1405,0.007488679,1405,0.007711146,1405,0.009431653,1405,0.016087314
1404,0.007625754,1404,0.007790281,1404,0.009472104,1404,0.016310306
1403,0.007392194,1403,0.007309498,1403,0.009072738,1403,0.016113991
1402,0.007421948,1402,0.007233846,1402,0.008996487,1402,0.016130835
1401,0.007828391,1401,0.00779405,1401,0.009562463,1401,0.016624393
1400,0.008204033,1400,0.0082812,1400,0.010092958,1400,0.017046301
1399,0.007830526,1399,0.00789703,1399,0.009729816,1399,0.016688114
1398,0.007495816,1398,0.007530872,1398,0.009314397,1398,0.016319821
1397,0.007506114,1397,0.007504165,1397,0.009298794,1397,0.016328072
1396,0.008061633,1396,0.00791572,1396,0.009679812,1396,0.016832404
1395,0.008459093,1395,0.00833376,1395,0.010030753,1395,0.017140944
1394,0.008142361,1394,0.008171007,1394,0.00987009,1394,0.01687842
1393,0.007797054,1393,0.007894446,1393,0.009693021,1393,0.016649783
1392,0.007996316,1392,0.008126932,1392,0.009912064,1392,0.016817819
1391,0.007912662,1391,0.007856567,1391,0.009633176,1391,0.016719643
1390,0.00785293,1390,0.007803617,1390,0.009504938,1390,0.016643759
1389,0.008048526,1389,0.008010713,1389,0.009772651,1389,0.016838511
1388,0.008478626,1388,0.008486519,1388,0.01018509,1388,0.017280264
1387,0.008432356,1387,0.008483931,1387,0.01023653,1387,0.017286029
1386,0.008024609,1386,0.00814091,1386,0.009950917,1386,0.016904579
1385,0.008051164,1385,0.008202503,1385,0.010022938,1385,0.017011976
1384,0.008215165,1384,0.008145527,1384,0.00998384,1384,0.017132031
1383,0.008519541,1383,0.008507267,1383,0.010385319,1383,0.017491041
1382,0.008926617,1382,0.00874428,1382,0.010506046,1382,0.017774377
1381,0.00875025,1381,0.008781496,1381,0.010466295,1381,0.017612116
1380,0.008637745,1380,0.008686705,1380,0.010407139,1380,0.01750573
1379,0.00835751,1379,0.008399655,1379,0.01018811,1379,0.017304508
1378,0.008347957,1378,0.008342231,1378,0.010143141,1378,0.017306583
1377,0.008288007,1377,0.008222393,1377,0.009987787,1377,0.017192028
1376,0.008300936,1376,0.008239963,1376,0.010007071,1376,0.017225964
1375,0.008420452,1375,0.008376721,1375,0.010153715,1375,0.017357957
1374,0.008530471,1374,0.008513127,1374,0.010283178,1374,0.017474495
1373,0.008598772,1373,0.008630193,1373,0.01040043,1373,0.017623007
1372,0.00863352,1372,0.008703105,1372,0.01053453,1372,0.017686822
1371,0.008622958,1371,0.008676643,1371,0.010418036,1371,0.017590337
1370,0.008600172,1370,0.008573451,1370,0.01030001,1370,0.017519394
1369,0.0086627,1369,0.00860635,1369,0.010397329,1369,0.017666196
1368,0.008884553,1368,0.008881964,1368,0.010619778,1368,0.017885873
1367,0.009175783,1367,0.009185064,1367,0.010937632,1367,0.01816925
1366,0.008953966,1366,0.00894588,1366,0.010719053,1366,0.017963944
1365,0.009102105,1365,0.009089601,1365,0.010891099,1365,0.018172299
1364,0.009205687,1364,0.009208912,1364,0.010980772,1364,0.018329881
1363,0.008930607,1363,0.008865055,1363,0.010713985,1363,0.017965293
1362,0.009228479,1362,0.009205607,1362,0.011051583,1362,0.018368416
1361,0.009326378,1361,0.009334868,1361,0.011129789,1361,0.018356912
1360,0.009189584,1360,0.009212376,1360,0.010975993,1360,0.018291811
1359,0.009307494,1359,0.009281155,1359,0.011065471,1359,0.018400714
1358,0.009243392,1358,0.009259708,1358,0.011047388,1358,0.018365959
1357,0.009068772,1357,0.008978806,1357,0.010741792,1357,0.018205529
1356,0.009022836,1356,0.008976878,1356,0.010808717,1356,0.018147873
1355,0.009078817,1355,0.00906412,1355,0.010875996,1355,0.018260006
1354,0.009008802,1354,0.009050403,1354,0.01076225,1354,0.018111788
1353,0.008954336,1353,0.009014114,1353,0.010747125,1353,0.018063078
1352,0.009089178,1352,0.009125897,1352,0.010872094,1352,0.018191114
1351,0.009149186,1351,0.009154923,1351,0.01089301,1351,0.018311467
1350,0.009147495,1350,0.009179908,1350,0.010911777,1350,0.018287085
1349,0.009068006,1349,0.008995139,1349,0.010765275,1349,0.018204935
1348,0.009112546,1348,0.009032192,1348,0.010799136,1348,0.018265218
1347,0.009115428,1347,0.009008353,1347,0.010741978,1347,0.018284736
1346,0.009004389,1346,0.008919879,1346,0.010689575,1346,0.01821495
1345,0.008943449,1345,0.008946065,1345,0.010695545,1345,0.0181689
1344,0.009026536,1344,0.009040439,1344,0.010768778,1344,0.018234333
1343,0.009075618,1343,0.009097241,1343,0.010857178,1343,0.018280795
1342,0.009123041,1342,0.009141626,1342,0.01091682,1342,0.018325994
1341,0.009234825,1341,0.009233793,1341,0.010988843,1341,0.018501919
1340,0.009307256,1340,0.00927055,1340,0.01101834,1340,0.018556135
1339,0.009240325,1339,0.009216395,1339,0.010950905,1339,0.018492058
1338,0.009214016,1338,0.009117543,1338,0.010912308,1338,0.018476743
1337,0.009244423,1337,0.009213196,1337,0.010977904,1337,0.018481281
1336,0.009255424,1336,0.009269148,1336,0.010965453,1336,0.018545546
1335,0.009227447,1335,0.009241726,1335,0.011004427,1335,0.018521395
1334,0.009208886,1334,0.009198627,1334,0.010964524,1334,0.018480524
1333,0.00936465,1333,0.009398586,1333,0.011054159,1333,0.018672751
1332,0.009447341,1332,0.00948901,1332,0.011255399,1332,0.018786319
1331,0.009533832,1331,0.009539547,1331,0.011304123,1331,0.018918408
1330,0.009538198,1330,0.009548359,1330,0.011298331,1330,0.018806566
1329,0.0095491,1329,0.009518696,1329,0.01125346,1329,0.01890178
1328,0.009594113,1328,0.009596045,1328,0.011320304,1328,0.018968541
1327,0.009660119,1327,0.009587206,1327,0.011320092,1327,0.018947827
1326,0.009598188,1326,0.009540658,1326,0.011298598,1326,0.018945772
1325,0.009582628,1325,0.009541558,1325,0.01131345,1325,0.018998992
1324,0.009672507,1324,0.009640533,1324,0.011377406,1324,0.01901868
1323,0.009720868,1323,0.009747103,1323,0.011494769,1323,0.019101363
1322,0.009796849,1322,0.009780699,1322,0.011526347,1322,0.019179165
1321,0.009845675,1321,0.009809426,1321,0.011557157,1321,0.019229462
1320,0.009897816,1320,0.009918473,1320,0.01161889,1320,0.019322362
1319,0.009924485,1319,0.009916592,1319,0.011656938,1319,0.019379606
1318,0.009972769,1318,0.009986198,1318,0.011723605,1318,0.019416366
1317,0.010073723,1317,0.010056052,1317,0.011779191,1317,0.019482799
1316,0.010088427,1316,0.010073617,1316,0.011841807,1316,0.019510036
1315,0.010164976,1315,0.010120751,1315,0.011864844,1315,0.019571988
1314,0.010175073,1314,0.010128674,1314,0.011891235,1314,0.019635087
1313,0.010212121,1313,0.010181512,1313,0.011929946,1313,0.019690882
1312,0.01025927,1312,0.010219011,1312,0.011942345,1312,0.019713582
1311,0.010284211,1311,0.010309367,1311,0.012021989,1311,0.019798538
1310,0.010331528,1310,0.010311965,1310,0.012076894,1310,0.019824494
1309,0.010428085,1309,0.010385769,1309,0.012132312,1309,0.019909851
1308,0.010818801,1308,0.010841068,1308,0.012569648,1308,0.020318501
1307,0.010553068,1307,0.010546518,1307,0.012259864,1307,0.020028243
1306,0.010539701,1306,0.010521772,1306,0.012268544,1306,0.02007384
1305,0.010574367,1305,0.010557896,1305,0.012347556,1305,0.020122154
1304,0.010642698,1304,0.01062442,1304,0.012355066,1304,0.020188099
1303,0.010634713,1303,0.010635933,1303,0.012385056,1303,0.020212099
1302,0.010688196,1302,0.010643839,1302,0.012408149,1302,0.020243069
1301,0.010407855,1301,0.010385636,1301,0.012205921,1301,0.019935679
1300,0.01065957,1300,0.010647845,1300,0.012418164,1300,0.020280037
1299,0.010715126,1299,0.010722396,1299,0.012436437,1299,0.020315923
1298,0.010714993,1298,0.010669095,1298,0.012453592,1298,0.020344568
1297,0.010719503,1297,0.010724837,1297,0.012406231,1297,0.020309223
1296,0.010757978,1296,0.01074012,1296,0.012513375,1296,0.020372836
1295,0.01082379,1295,0.010810202,1295,0.012548118,1295,0.020437408
1294,0.010821481,1294,0.010821322,1294,0.01253722,1294,0.020462399
1293,0.01086031,1293,0.010824692,1293,0.012553501,1293,0.020517297
1292,0.010844252,1292,0.010855798,1292,0.012586968,1292,0.02054297
1291,0.010928261,1291,0.010897655,1291,0.012670701,1291,0.020564439
1290,0.010931208,1290,0.01097355,1290,0.012646049,1290,0.020650186
1289,0.010972436,1289,0.010965188,1289,0.012713401,1289,0.020683631
1288,0.011026704,1288,0.010995958,1288,0.012718839,1288,0.020689305
1287,0.011030474,1287,0.011035678,1287,0.012814941,1287,0.020788385
1286,0.011085891,1286,0.011090379,1286,0.012806064,1286,0.020839112
1285,0.011100736,1285,0.011106923,1285,0.012832351,1285,0.0208572
1284,0.011136694,1284,0.011166866,1284,0.012895466,1284,0.020895524
1283,0.011226019,1283,0.011212843,1283,0.012942587,1283,0.020969383
1282,0.011232953,1282,0.011208221,1282,0.012932986,1282,0.02102736
1281,0.011306967,1281,0.011235795,1281,0.013007077,1281,0.021043038
1280,0.0112711,1280,0.011316292,1280,0.013016094,1280,0.021127794
1279,0.011357795,1279,0.011336406,1279,0.013046076,1279,0.02115353
1278,0.011365316,1278,0.011320039,1278,0.013067816,1278,0.021171985
1277,0.011421042,1277,0.011396672,1277,0.01315359,1277,0.021244559
1276,0.011441532,1276,0.011449585,1276,0.013144358,1276,0.021309778
1275,0.011473718,1275,0.011476801,1275,0.013174296,1275,0.021338843
1274,0.011546949,1274,0.011479991,1274,0.013230255,1274,0.021368207
1273,0.011603442,1273,0.011542536,1273,0.013239621,1273,0.021476878
1272,0.011604426,1272,0.011545008,1272,0.013279867,1272,0.021519501
1271,0.011630535,1271,0.011612881,1271,0.013370569,1271,0.021465184
1270,0.011720946,1270,0.011605836,1270,0.013370222,1270,0.021595262
1269,0.011723632,1269,0.011683131,1269,0.013401456,1269,0.021658029
1268,0.011756424,1268,0.011703952,1268,0.013460595,1268,0.021643799
1267,0.011774164,1267,0.011748818,1267,0.013487724,1267,0.021730604
1266,0.011816323,1266,0.011725627,1266,0.013449701,1266,0.021739585
1265,0.011827495,1265,0.011841407,1265,0.01357334,1265,0.021773985
1264,0.011898817,1264,0.011847871,1264,0.013586241,1264,0.021819413
1263,0.011903632,1263,0.011851755,1263,0.013567572,1263,0.021890571
1262,0.011953281,1262,0.011930744,1262,0.013678315,1262,0.021896234
1261,0.011995271,1261,0.011969991,1261,0.013700007,1261,0.021996703
1260,0.011980263,1260,0.012021084,1260,0.013707328,1260,0.021987472
1259,0.012025023,1259,0.012107025,1259,0.01381872,1259,0.02206612
1258,0.012064518,1258,0.012108382,1258,0.013875858,1258,0.022104006
1257,0.012110299,1257,0.012156084,1257,0.0139121,1257,0.022106132
1256,0.012165215,1256,0.012261169,1256,0.013999966,1256,0.022190331
1255,0.012187976,1255,0.012252861,1255,0.013977029,1255,0.022301387
1254,0.012241518,1254,0.012352803,1254,0.014091567,1254,0.02227482
1253,0.012311338,1253,0.012422186,1253,0.014160159,1253,0.022370391
1252,0.012364201,1252,0.012460573,1252,0.014240078,1252,0.022459466
1251,0.012384177,1251,0.01253802,1251,0.01426795,1251,0.022487381
1250,0.012499121,1250,0.012616947,1250,0.014340371,1250,0.02262431
1249,0.012538553,1249,0.012656736,1249,0.014432766,1249,0.022663718
1248,0.012619212,1248,0.012695862,1248,0.014450187,1248,0.022705093
1247,0.012728754,1247,0.012739257,1247,0.014482329,1247,0.022863645
1246,0.012797958,1246,0.012809263,1246,0.014503499,1246,0.022945182
1245,0.012825632,1245,0.012837524,1245,0.014536984,1245,0.023021737
1244,0.012870267,1244,0.012815021,1244,0.014566643,1244,0.02302766
1243,0.012922479,1243,0.012845603,1243,0.014561423,1243,0.023108272
1242,0.012994088,1242,0.012840937,1242,0.014543943,1242,0.023142289
1241,0.01296979,1241,0.01280497,1241,0.014545443,1241,0.023158154
1240,0.012963976,1240,0.012803078,1240,0.014532327,1240,0.023146385
1239,0.012971898,1239,0.012803877,1239,0.014555052,1239,0.023163969
1238,0.012922932,1238,0.012895492,1238,0.014564341,1238,0.023195287
1237,0.012945867,1237,0.012861148,1237,0.014659086,1237,0.023168257
1236,0.012956375,1236,0.01293616,1236,0.014712585,1236,0.023199849
1235,0.012983313,1235,0.013081795,1235,0.014813978,1235,0.023225654
1234,0.01303906,1234,0.013155191,1234,0.014931175,1234,0.02331985
1233,0.013086997,1233,0.013239355,1233,0.014998614,1233,0.023411769
1232,0.01318158,1232,0.013331516,1232,0.015084448,1232,0.023518467
1231,0.013313498,1231,0.01345715,1231,0.015197536,1231,0.023670156
1230,0.013431866,1230,0.013491729,1230,0.015225015,1230,0.023761876
1229,0.013498085,1229,0.013497444,1229,0.015239921,1229,0.023830783
1228,0.013563752,1228,0.013432479,1228,0.015190003,1228,0.023886491
1227,0.013598847,1227,0.013480087,1227,0.015176653,1227,0.023947349
1226,0.013549891,1226,0.013404927,1226,0.015177377,1226,0.023888679
1225,0.013489833,1225,0.013395931,1225,0.015141297,1225,0.023875415
1224,0.01353459,1224,0.013429062,1224,0.015147435,1224,0.02386412
1223,0.013444655,1223,0.013497123,1223,0.015249171,1223,0.023851512
1222,0.013537901,1222,0.013626519,1222,0.015391587,1222,0.023945434
1221,0.013641397,1221,0.013749754,1221,0.015524742,1221,0.024093412
1220,0.013738506,1220,0.013874763,1220,0.01559984,1220,0.024231179
1219,0.013856589,1219,0.013943027,1219,0.015701629,1219,0.024354694
1218,0.013991706,1218,0.013962995,1218,0.015733434,1218,0.024460364
1217,0.014044293,1217,0.013952329,1217,0.015690679,1217,0.024510756
1216,0.013989166,1216,0.013889329,1216,0.015601128,1216,0.024440344
1215,0.013964839,1215,0.013842986,1215,0.015597451,1215,0.024415372
1214,0.013869257,1214,0.013835182,1214,0.015554952,1214,0.024354421
1213,0.013892642,1213,0.013888367,1213,0.015668001,1213,0.02437805
1212,0.013929127,1212,0.014061325,1212,0.015811656,1212,0.024521986
1211,0.014101139,1211,0.014199234,1211,0.015981462,1211,0.024668245
1210,0.014251472,1210,0.014312894,1210,0.016097469,1210,0.024827817
1209,0.01438781,1209,0.014364531,1209,0.016083205,1209,0.024911532
1208,0.014400841,1208,0.014309336,1208,0.016058249,1208,0.02495038
1207,0.014360973,1207,0.014261317,1207,0.015993116,1207,0.024891904
1206,0.0142813,1206,0.014172489,1206,0.015905142,1206,0.024821978
1205,0.014220364,1205,0.014224028,1205,0.015999669,1205,0.024819156
1204,0.014293364,1204,0.014323916,1204,0.016135938,1204,0.024910737
1203,0.014471329,1203,0.014523734,1203,0.016325412,1203,0.025107451
1202,0.014619836,1202,0.014677507,1202,0.016424896,1202,0.025283867
1201,0.014663209,1201,0.014666878,1201,0.016451808,1201,0.025351562
1200,0.014731009,1200,0.014674776,1200,0.01639132,1200,0.025368905
1199,0.014973963,1199,0.014912287,1199,0.016643867,1199,0.025641995
1198,0.014546727,1198,0.014519827,1198,0.016269349,1198,0.025193743
1197,0.014535752,1197,0.014577109,1197,0.016358256,1197,0.025268612
1196,0.01462859,1196,0.014635069,1196,0.016419439,1196,0.025342505
1195,0.014737221,1195,0.014742015,1195,0.01654616,1195,0.025454646
1194,0.014866612,1194,0.014823031,1194,0.016611805,1194,0.025581723
1193,0.014878988,1193,0.01486321,1193,0.016636254,1193,0.025612861
1192,0.014757359,1192,0.014787114,1192,0.01654616,1192,0.025514239
1191,0.014745095,1191,0.014731036,1191,0.016525105,1191,0.025513472
1190,0.014788721,1190,0.014770563,1190,0.016566435,1190,0.025592487
1189,0.014901491,1189,0.01484679,1189,0.016648332,1189,0.025706559
1188,0.015048295,1188,0.015031573,1188,0.016821802,1188,0.025859151
1187,0.015111411,1187,0.015094418,1187,0.0168887,1187,0.025945373
1186,0.01505068,1186,0.01511251,1186,0.016897554,1186,0.025901435
1185,0.015029429,1185,0.015017049,1185,0.016815048,1185,0.025814068
1184,0.015010029,1184,0.014938596,1184,0.016767666,1184,0.025852777
1183,0.014917002,1183,0.014958154,1183,0.016650617,1183,0.025822913
1182,0.015229358,1182,0.015199493,1182,0.017019406,1182,0.026130021
1181,0.015341733,1181,0.015330711,1181,0.017117489,1181,0.026257103
1180,0.01530521,1180,0.01532583,1180,0.017131194,1180,0.026179012
1179,0.01525582,1179,0.015272819,1179,0.017069589,1179,0.026119573
1178,0.015284536,1178,0.015244345,1178,0.017077452,1178,0.026199551
1177,0.015346453,1177,0.015316928,1177,0.017087791,1177,0.026309107
1176,0.015482088,1176,0.015429727,1176,0.017219741,1176,0.026425321
1175,0.015557365,1175,0.01554261,1175,0.017337184,1175,0.026491158
1174,0.015503602,1174,0.01556579,1174,0.017345591,1174,0.026439242
1173,0.015488499,1173,0.015477527,1173,0.017301006,1173,0.026432611
1172,0.015516774,1172,0.015495581,1172,0.017298017,1172,0.026513664
1171,0.015634241,1171,0.015575262,1171,0.017370081,1171,0.026613392
1170,0.015713759,1170,0.01563907,1170,0.017482365,1170,0.026709648
1169,0.015709117,1169,0.01574119,1169,0.017557506,1169,0.026763413
1168,0.01572624,1168,0.015695268,1168,0.017541898,1168,0.026705243
1167,0.015699536,1167,0.015711667,1167,0.01750139,1167,0.026737258
1166,0.015733648,1166,0.015768945,1166,0.017544728,1166,0.026831392
1165,0.015918165,1165,0.015810823,1165,0.017631689,1165,0.026979174
1164,0.015927698,1164,0.015904525,1164,0.017702676,1164,0.026960995
1163,0.015921388,1163,0.015961131,1163,0.017750269,1163,0.026980525
1162,0.015925201,1162,0.015964353,1162,0.017732713,1162,0.026992837
1161,0.015962474,1161,0.015929604,1161,0.017731311,1161,0.027054682
1160,0.016113829,1160,0.016056074,1160,0.01783406,1160,0.027216375
1159,0.016144428,1159,0.016118288,1159,0.017930789,1159,0.027254988
1158,0.016117107,1158,0.016187094,1158,0.017996429,1158,0.027261933
1157,0.016099995,1157,0.01612393,1157,0.017944168,1157,0.027266206
1156,0.016201738,1156,0.016165707,1156,0.017931679,1156,0.027352488
1155,0.016258921,1155,0.016241105,1155,0.01809144,1155,0.02745522
1154,0.016323799,1154,0.016311275,1154,0.018128332,1154,0.027464293
1153,0.016351162,1153,0.016298668,1153,0.018136807,1153,0.027486134
1152,0.016379438,1152,0.016401293,1152,0.018167226,1152,0.027567824
1151,0.016475307,1151,0.016436618,1151,0.018196162,1151,0.027627381
1150,0.016555302,1150,0.01654936,1150,0.018301612,1150,0.027758544
1149,0.016561676,1149,0.016568722,1149,0.018455377,1149,0.027866287
1148,0.016527282,1148,0.016517628,1148,0.018348919,1148,0.027755398
1147,0.016548794,1147,0.01654035,1147,0.018353483,1147,0.027796876
1146,0.016683863,1146,0.016639078,1146,0.018473124,1146,0.027928339
1145,0.016740223,1145,0.016757602,1145,0.018542223,1145,0.027998684
1144,0.016774794,1144,0.016788732,1144,0.018571103,1144,0.028021682
1143,0.016743263,1143,0.016731586,1143,0.018536145,1143,0.028049819
1142,0.016720852,1142,0.016694006,1142,0.018510481,1142,0.028018812
1141,0.016790265,1141,0.016778938,1141,0.018611062,1141,0.028091351
1140,0.016816016,1140,0.016822824,1140,0.018627733,1140,0.02818078
1139,0.016778696,1139,0.016630659,1139,0.018657053,1139,0.028216027
1138,0.016688168,1138,0.016773315,1138,0.018451137,1138,0.02803212
1137,0.01700853,1137,0.016978893,1137,0.018796265,1137,0.028309183
1136,0.016979216,1136,0.016991006,1136,0.01880151,1136,0.028356984
1135,0.017207595,1135,0.017171642,1135,0.01893428,1135,0.02850653
1134,0.01723364,1134,0.017204955,1134,0.019046942,1134,0.028636137
1133,0.017209103,1133,0.017221412,1133,0.019028064,1133,0.028625298
1132,0.017134938,1132,0.017155996,1132,0.018999856,1132,0.028564584
1131,0.017076643,1131,0.017115766,1131,0.018909514,1131,0.02853857
1130,0.017215082,1130,0.017175924,1130,0.019008078,1130,0.028666995
1129,0.017363776,1129,0.017350413,1129,0.019183412,1129,0.028807741
1128,0.017436417,1128,0.017430274,1128,0.019272244,1128,0.028919838
1127,0.017617131,1127,0.017593302,1127,0.019413305,1127,0.029133104
1126,0.017600633,1126,0.017582115,1126,0.019393384,1126,0.029054604
1125,0.017669944,1125,0.017626997,1125,0.019458216,1125,0.029125297
1124,0.017537532,1124,0.017604111,1124,0.019399013,1124,0.029086655
1123,0.01759473,1123,0.017609905,1123,0.019455943,1123,0.029176898
1122,0.017822273,1122,0.017837754,1122,0.019642212,1122,0.029360488
1121,0.017772568,1121,0.017751561,1121,0.0195565,1121,0.02927652
1120,0.017747436,1120,0.017731095,1120,0.019534105,1120,0.029256528
1119,0.017764641,1119,0.017756632,1119,0.019602155,1119,0.029314348
1118,0.017750269,1118,0.017763266,1118,0.019512419,1118,0.029209595
1117,0.017657515,1117,0.017677251,1117,0.01952111,1117,0.029357137
1116,0.0178695,1116,0.017840883,1116,0.019729428,1116,0.029530218
1115,0.017951319,1115,0.017983235,1115,0.019807478,1115,0.029570727
1114,0.017985312,1114,0.017982047,1114,0.019793309,1114,0.029619001
1113,0.018029103,1113,0.018006088,1113,0.019822029,1113,0.029658493
1112,0.018066801,1112,0.018059758,1112,0.01992427,1112,0.029727593
1111,0.018183043,1111,0.018146334,1111,0.019998506,1111,0.029847721
1110,0.018200319,1110,0.018262113,1110,0.020031143,1110,0.029896995
1109,0.018266998,1109,0.018273424,1109,0.020103419,1109,0.029962195
1108,0.01835891,1108,0.018316841,1108,0.020139372,1108,0.030032482
1107,0.018374059,1107,0.018376678,1107,0.020204559,1107,0.030098729
1106,0.018444195,1106,0.018428991,1106,0.020280661,1106,0.030160712
1105,0.018494435,1105,0.018490843,1105,0.020333691,1105,0.030246682
1104,0.01855908,1104,0.018616926,1104,0.020406125,1104,0.030308187
1103,0.018624248,1103,0.018616062,1103,0.020432768,1103,0.030372173
1102,0.018704344,1102,0.018647026,1102,0.020486984,1102,0.030450521
1101,0.018756505,1101,0.018739695,1101,0.020574318,1101,0.030497421
1100,0.018790562,1100,0.018787643,1100,0.02064158,1100,0.030578125
1099,0.018848926,1099,0.018865228,1099,0.020711595,1099,0.030789927
1098,0.019139586,1098,0.01914202,1098,0.0209674,1098,0.030891087
1097,0.01898098,1097,0.018964242,1097,0.020792022,1097,0.030798042
1096,0.018982846,1096,0.018999558,1096,0.020841558,1096,0.030829582
1095,0.019098062,1095,0.019054541,1095,0.020919209,1095,0.03091524
1094,0.019123031,1094,0.019120514,1094,0.020983048,1094,0.030981038
1093,0.019190123,1093,0.019188823,1093,0.021022743,1093,0.031063724
1092,0.019266155,1092,0.019307315,1092,0.021096515,1092,0.031193316
1091,0.019360444,1091,0.019381691,1091,0.021245673,1091,0.031280715
1090,0.019482989,1090,0.019434122,1090,0.021329327,1090,0.031374086
1089,0.019518293,1089,0.019463956,1089,0.021288952,1089,0.031414073
1088,0.019502481,1088,0.019523194,1088,0.021365216,1088,0.031444017
1087,0.019599069,1087,0.019615075,1087,0.021436872,1087,0.031521559
1086,0.019667344,1086,0.019652585,1086,0.021508293,1086,0.031598136
1085,0.019753024,1085,0.019778382,1085,0.021614224,1085,0.031714551
1084,0.019810515,1084,0.019802224,1084,0.02164614,1084,0.031810354
1083,0.019844275,1083,0.019841591,1083,0.021689186,1083,0.031864002
1082,0.019936113,1082,0.019967362,1082,0.021807056,1082,0.031918492
1081,0.020028703,1081,0.019959394,1081,0.021832805,1081,0.032037947
1080,0.020072646,1080,0.020096641,1080,0.021957031,1080,0.032118157
1079,0.020224547,1079,0.020216139,1079,0.022068055,1079,0.03228448
1078,0.020224357,1078,0.020214783,1078,0.02204161,1078,0.032277536
1077,0.020300163,1077,0.020337,1077,0.022226566,1077,0.032387409
1076,0.020401025,1076,0.02038567,1076,0.022212235,1076,0.032467183
1075,0.020399613,1075,0.020482127,1075,0.022293212,1075,0.032480739
1074,0.020552062,1074,0.020570518,1074,0.022398381,1074,0.032658
1073,0.020607214,1073,0.020519957,1073,0.02242204,1073,0.032676086
1072,0.020674944,1072,0.020694736,1072,0.022585316,1072,0.032778915
1071,0.020734375,1071,0.020723216,1071,0.022549842,1071,0.032884698
1070,0.020784447,1070,0.0208723,1070,0.022710303,1070,0.03296395
1069,0.020930972,1069,0.020928744,1069,0.022769794,1069,0.033135541
1068,0.020905003,1068,0.020980522,1068,0.022817289,1068,0.033084471
1067,0.021101976,1067,0.021098906,1067,0.022931973,1067,0.033313349
1066,0.021137903,1066,0.021086786,1066,0.022935575,1066,0.033336658
1065,0.021195114,1065,0.021273157,1065,0.023131287,1065,0.033397902
1064,0.021350127,1064,0.021268481,1064,0.023115452,1064,0.033534795
1063,0.021307167,1063,0.021384088,1063,0.023266727,1063,0.03355876
1062,0.021526437,1062,0.021458928,1062,0.02328893,1062,0.033781592
1061,0.021482401,1061,0.021537045,1061,0.023423517,1061,0.033721436
1060,0.021693567,1060,0.021693323,1060,0.023509668,1060,0.033965148
1059,0.021651907,1059,0.021649051,1059,0.023523359,1059,0.033935368
1058,0.021819413,1058,0.02185235,1058,0.0237236,1058,0.034130722
1057,0.021900889,1057,0.02179342,1057,0.023683742,1057,0.03421779
1056,0.02197846,1056,0.022028891,1056,0.023898223,1056,0.034306474
1055,0.022079412,1055,0.021994198,1055,0.023866937,1055,0.034433704
1054,0.022129366,1054,0.022234658,1054,0.024102498,1054,0.034473553
1053,0.022311362,1053,0.022235775,1053,0.023999214,1053,0.034635171
1052,0.022269124,1052,0.022332318,1052,0.024244206,1052,0.03464992
1051,0.02247067,1051,0.022381155,1051,0.024289893,1051,0.034870449
1050,0.022396773,1050,0.022516306,1050,0.024362773,1050,0.034834687
1049,0.022653354,1049,0.022541417,1049,0.02442082,1049,0.035012461
1048,0.022675036,1048,0.022723122,1048,0.024621969,1048,0.035091035
1047,0.022937076,1047,0.022858297,1047,0.024784211,1047,0.035387777
1046,0.022824984,1046,0.022844356,1046,0.02471255,1046,0.035251956
1045,0.023034321,1045,0.022999248,1045,0.024846235,1045,0.035493918
1044,0.022978095,1044,0.023046495,1044,0.024981471,1044,0.035498187
1043,0.023239553,1043,0.023160966,1043,0.02506623,1043,0.035746466
1042,0.023203781,1042,0.023320477,1042,0.025152048,1042,0.035661031
1041,0.023397291,1041,0.023379479,1041,0.025287516,1041,0.035956785
1040,0.023391828,1040,0.02338732,1040,0.025300603,1040,0.035954226
1039,0.023663567,1039,0.023604471,1039,0.025432549,1039,0.036145654
1038,0.023573587,1038,0.023643831,1038,0.025595177,1038,0.036117155
1037,0.02382176,1037,0.023748534,1037,0.025660586,1037,0.036353603
1036,0.023832014,1036,0.023901042,1036,0.025785554,1036,0.036427014
1035,0.024025723,1035,0.023921335,1035,0.025830606,1035,0.03656292
1034,0.02403092,1034,0.024069635,1034,0.026030706,1034,0.036620397
1033,0.024189521,1033,0.02413621,1033,0.026023202,1033,0.036815502
1032,0.024294466,1032,0.024342539,1032,0.026295742,1032,0.036937322
1031,0.024410989,1031,0.02434399,1031,0.026253555,1031,0.037017345
1030,0.024517549,1030,0.024560114,1030,0.026473686,1030,0.037195537
1029,0.024521932,1029,0.024505772,1029,0.026430026,1029,0.037182961
1028,0.024785472,1028,0.024748147,1028,0.026690543,1028,0.037447188
1027,0.024801916,1027,0.024897825,1027,0.026812173,1027,0.037541218
1026,0.025098344,1026,0.02496535,1026,0.026900899,1026,0.037667394
1025,0.024988079,1025,0.025022684,1025,0.026953146,1025,0.037757687
1024,0.025205512,1024,0.025134906,1024,0.027095264,1024,0.037898418
1023,0.025223618,1023,0.02526927,1023,0.027216733,1023,0.038006529
1022,0.025374008,1022,0.02536317,1022,0.027281532,1022,0.038073692
1021,0.025534885,1021,0.025511028,1021,0.027427647,1021,0.038295262
1020,0.025541008,1020,0.025575984,1020,0.02747367,1020,0.038347512
1019,0.02576053,1019,0.025752647,1019,0.027692158,1019,0.038530577
1018,0.025813382,1018,0.025823738,1018,0.027731199,1018,0.038600538
1017,0.026030485,1017,0.026015067,1017,0.027961908,1017,0.03881114
1016,0.026093788,1016,0.0261447,1016,0.028021269,1016,0.038972426
1015,0.026142942,1015,0.026125072,1015,0.028082736,1015,0.038929645
1014,0.026309216,1014,0.026326792,1014,0.028276222,1014,0.039216556
1013,0.026551528,1013,0.026543712,1013,0.028447934,1013,0.039404862
1012,0.026580945,1012,0.026605081,1012,0.028500974,1012,0.03942547
1011,0.02673489,1011,0.026693076,1011,0.028671447,1011,0.039594673
1010,0.026785163,1010,0.026823601,1010,0.028773248,1010,0.039661147
1009,0.026945241,1009,0.026916156,1009,0.028860604,1009,0.039867096
1008,0.027004268,1008,0.027035976,1008,0.029007113,1008,0.040000252
1007,0.027232442,1007,0.027187493,1007,0.029149963,1007,0.04011099
1006,0.027324451,1006,0.027288396,1006,0.02925553,1006,0.040241264
1005,0.027471574,1005,0.027468098,1005,0.029449735,1005,0.040457379
1004,0.02759858,1004,0.027544325,1004,0.029544597,1004,0.040515263
1003,0.027671907,1003,0.027708188,1003,0.029620081,1003,0.040642221
1002,0.027797068,1002,0.027784042,1002,0.029757144,1002,0.040788036
1001,0.028046947,1001,0.028001307,1001,0.029943919,1001,0.040997453
1000,0.028099773,1000,0.028108943,1000,0.030061221,1000,0.041028976
999,0.028251054,999,0.028195918,999,0.030167038,999,0.041243777
998,0.028338112,998,0.028350381,998,0.030341413,998,0.041356683
997,0.028468579,997,0.028439172,997,0.030444358,997,0.041482691
996,0.028596183,996,0.028622394,996,0.030570876,996,0.041680589
995,0.028749738,995,0.028731983,995,0.030709712,995,0.041754164
994,0.028887689,994,0.028905479,994,0.030812019,994,0.041947454
993,0.028995102,993,0.028989403,993,0.030989211,993,0.042098902
992,0.029265361,992,0.029214911,992,0.031230504,992,0.042304046
991,0.029340824,991,0.029332737,991,0.031283524,991,0.042407922
990,0.029441895,990,0.029401425,990,0.031469371,990,0.042593166
989,0.029584665,989,0.029596914,989,0.031549171,989,0.042689029
988,0.02966035,988,0.029662374,988,0.031660918,988,0.042812854
987,0.029828034,987,0.029802861,987,0.031813893,987,0.042974148
986,0.029983081,986,0.029950852,986,0.031934958,986,0.04309085
985,0.030122865,985,0.030095648,985,0.032103386,985,0.043299124
984,0.030204888,984,0.030222926,984,0.032247953,984,0.04340221
983,0.03038769,983,0.030334391,983,0.032372825,983,0.043637935
982,0.030543908,982,0.030581985,982,0.032562625,982,0.043791834
981,0.030614121,981,0.030605484,981,0.032597195,981,0.043807182
980,0.030728966,980,0.030692847,980,0.032737125,980,0.04395736
979,0.030822245,979,0.030816438,979,0.032807864,979,0.04408567
978,0.030967388,978,0.030931946,978,0.033004418,978,0.044192038
977,0.031075124,977,0.031049738,977,0.033067569,977,0.044360872
976,0.031186195,976,0.031151153,976,0.033194073,976,0.044433154
975,0.031298462,975,0.031307422,975,0.033323213,975,0.044586677
974,0.031456597,974,0.031416886,974,0.03344937,974,0.044723697
973,0.031489436,973,0.031464167,973,0.033450909,973,0.044756554
972,0.031697955,972,0.031640679,972,0.033695083,972,0.04502701
971,0.031856734,971,0.031777989,971,0.033828683,971,0.045086138
970,0.031864837,970,0.031831358,970,0.03391429,970,0.045185771
969,0.031969231,969,0.031945493,969,0.033988047,969,0.04530482
968,0.03203962,968,0.032044888,968,0.034079593,968,0.045406744
967,0.032222889,967,0.032164235,967,0.034197852,967,0.045577258
966,0.032317467,966,0.032313313,966,0.03437192,966,0.045690663
965,0.032457028,965,0.032450724,965,0.034487929,965,0.04581368
964,0.032601073,964,0.032586426,964,0.034697555,964,0.046031117
963,0.032688282,963,0.032687444,963,0.034770656,963,0.046109177
962,0.032816965,962,0.032802641,962,0.034842428,962,0.046226896
961,0.032892294,961,0.032889698,961,0.034967568,961,0.046334077
960,0.033061985,960,0.033021092,960,0.035098247,960,0.046490405
959,0.033212151,959,0.033144396,959,0.035226829,959,0.046626732
958,0.033365868,958,0.03333392,958,0.035460886,958,0.04686629
957,0.033377271,957,0.033400476,957,0.035470657,957,0.04691162
956,0.033472102,956,0.033459827,956,0.035548501,956,0.047018684
955,0.033583034,955,0.033628624,955,0.035675108,955,0.047137748
954,0.033749554,954,0.033723425,954,0.035818961,954,0.047230292
953,0.033835847,953,0.03379852,953,0.035919387,953,0.04738567
952,0.034051202,952,0.034000505,952,0.03612208,952,0.047622934
951,0.034083597,951,0.03404412,951,0.036205553,951,0.047640987
950,0.034136914,950,0.034107957,950,0.036243089,950,0.047713615
949,0.034248348,949,0.034246501,949,0.036372151,949,0.04786209
948,0.034346815,948,0.034386795,948,0.036494695,948,0.047953602
947,0.034549702,947,0.034518562,947,0.036678813,947,0.048178565
946,0.034628443,946,0.034607641,946,0.036769465,946,0.048248131
945,0.034660488,945,0.03466228,945,0.036811333,945,0.048299395
944,0.034749653,944,0.034748841,944,0.036898572,944,0.048391517
943,0.034841642,943,0.034861162,943,0.037020531,943,0.048562802
942,0.034963302,942,0.034933902,942,0.037116695,942,0.048663441
941,0.035082307,941,0.035043634,941,0.037241649,941,0.04876329
940,0.035179727,940,0.035192274,940,0.037376851,940,0.048888076
939,0.03524477,939,0.035211954,939,0.037424784,939,0.048939124
938,0.035340767,938,0.035304122,938,0.037505914,938,0.049013216
937,0.035411816,937,0.035360087,937,0.037603173,937,0.049142741
936,0.035516277,936,0.035563305,936,0.037773106,936,0.049341407
935,0.035572547,935,0.035620313,935,0.037817076,935,0.049356226
934,0.035691887,934,0.035645913,934,0.037904292,934,0.049436163
933,0.035771847,933,0.035761785,933,0.037986413,933,0.049547009
932,0.035825484,932,0.035822503,932,0.038065214,932,0.049602751
931,0.03601722,931,0.035996463,931,0.03828695,931,0.049837455
930,0.036042392,930,0.036034208,930,0.038331367,930,0.049865529
929,0.036085144,929,0.036108267,929,0.038366061,929,0.049918726
928,0.036190048,928,0.036224153,928,0.038451917,928,0.050015379
927,0.036275845,927,0.036275111,927,0.038553633,927,0.050111558
926,0.036409225,926,0.036406804,926,0.038733419,926,0.050266113
925,0.036448412,925,0.036433604,925,0.038748559,925,0.050308518
924,0.03650393,924,0.036503788,924,0.038868293,924,0.050405376
923,0.036604092,923,0.036590405,923,0.038932275,923,0.05049222
922,0.036691487,922,0.036692165,922,0.039017141,922,0.05057222
921,0.036765829,921,0.036783524,921,0.039125703,921,0.050704889
920,0.036794256,920,0.036826041,920,0.039150402,920,0.050737355
919,0.036902376,919,0.036883075,919,0.039269425,919,0.050814867
918,0.037027296,918,0.037025239,918,0.039416626,918,0.051026672
917,0.037087005,917,0.03704232,917,0.039471675,917,0.051026471
916,0.037127916,916,0.037113734,916,0.039536204,916,0.051151499
915,0.037200104,915,0.037205152,915,0.039626688,915,0.051184874
914,0.037326492,914,0.037330162,914,0.039743088,914,0.051324926
913,0.037333291,913,0.037361164,913,0.03979072,913,0.05134593
912,0.03741711,912,0.037382886,912,0.039830409,912,0.051417433
911,0.037450857,911,0.037460536,911,0.039940991,911,0.051500663
910,0.037594307,910,0.037551913,910,0.040057648,910,0.051631544
909,0.037596427,909,0.037625022,909,0.040068801,909,0.051646121
908,0.037682667,908,0.037666913,908,0.0401958,908,0.051742665
907,0.037720077,907,0.037726402,907,0.040201478,907,0.051798861
906,0.037800837,906,0.037809618,906,0.040333543,906,0.051905211
905,0.037879039,905,0.037841618,905,0.040366553,905,0.051956907
904,0.037896551,904,0.037886355,904,0.040432718,904,0.052029416
903,0.037999239,903,0.037994549,903,0.04055718,903,0.052158557
902,0.038021475,902,0.038045604,902,0.040598217,902,0.052199163
901,0.038045492,901,0.038066458,901,0.040631957,901,0.052227013
900,0.038187161,900,0.03822634,900,0.040773705,900,0.052391432
899,-0.005708741,899,0.038228799,899,0.040812749,899,0.052424584
898,-0.005157834,898,0.038227752,898,0.040872157,898,0.052419618
897,-0.005240451,897,0.038343921,897,0.040966332,897,0.052551974
896,-0.004772627,896,0.038409919,896,0.041060813,896,0.05264632
895,-0.005199783,895,0.038433563,895,0.04104232,895,0.052647956
894,-0.005768161,894,0.038521923,894,0.041121509,894,0.052727126
893,-0.004856239,893,0.038585346,893,0.041241754,893,0.052833032
892,-0.005386053,892,0.038586762,892,0.041225813,892,0.052866712
891,-0.005502623,891,0.038620993,891,0.041298177,891,0.052911885
890,-0.005459066,890,0.03874423,890,0.041455179,890,0.053084522
889,-0.005217125,889,0.038775787,889,0.041420408,889,0.053035587
888,-0.005669293,888,0.038808223,888,0.041499577,888,0.053102396
887,-0.005069009,887,0.038942978,887,0.041597053,887,0.053282104
886,-0.005100121,886,0.038964301,886,0.041651841,886,0.053289067
885,-0.00456422,885,0.038953003,885,0.04169663,885,0.05331526
884,-0.004545418,884,0.039107688,884,0.041849274,884,0.053458285
883,-0.005193696,883,0.039116014,883,0.041876126,883,0.053537544
882,-0.004500587,882,0.039145615,882,0.041856028,882,0.053553618
881,-0.004054175,881,0.039202049,881,0.042008959,881,0.053573385
880,-0.003998675,880,0.039246731,880,0.041978817,880,0.053691596
879,-0.003279094,879,0.039282773,879,0.042038985,879,0.05371834
878,-0.00314882,878,0.039411269,878,0.042157404,878,0.053799316
877,-0.003228942,877,0.039448261,877,0.042215511,877,0.053920869
876,-0.002718406,876,0.039515533,876,0.042234655,876,0.053946104
875,-0.002112121,875,0.039547261,875,0.04234428,875,0.054011147
874,-0.002014117,874,0.039620589,874,0.04240698,874,0.054120734
873,-0.00146268,873,0.039678983,873,0.042444542,873,0.054143403
872,-0.000771028,872,0.039718695,872,0.042490814,872,0.054205306
871,-0.00047149,871,0.039844342,871,0.042625062,871,0.054326005
870,0.000114768,870,0.039821219,870,0.042635284,870,0.054383211
869,0.000655746,869,0.039916642,869,0.04276095,869,0.054458093
868,0.00116132,868,0.040055916,868,0.042817995,868,0.054553062
867,0.001903548,867,0.040065028,867,0.04283965,867,0.054604076
866,0.002529526,866,0.040124673,866,0.042921569,866,0.054673035
865,0.003427095,865,0.040229168,865,0.043062922,865,0.05480887
864,0.003725575,864,0.040294517,864,0.043105457,864,0.054798089
863,0.004639593,863,0.04029946,863,0.043169156,863,0.054916721
862,0.005413297,862,0.040512249,862,0.043312851,862,0.055076461
861,0.006318507,861,0.040514465,861,0.043344226,861,0.055076491
860,0.006891785,860,0.040590432,860,0.043361131,860,0.055151433
859,0.007722397,859,0.040719088,859,0.0435398,859,0.055286683
858,0.008548133,858,0.040767848,858,0.04362262,858,0.05537495
857,0.009319131,857,0.040841613,857,0.043649413,857,0.055439297
856,0.010088719,856,0.040904921,856,0.043753095,856,0.055528127
855,0.010949207,855,0.04103256,855,0.043906979,855,0.055678058
854,0.011705123,854,0.041109245,854,0.043940976,854,0.055714227
853,0.012252355,853,0.041207969,853,0.044018287,853,0.055811822
852,0.013184596,852,0.041279417,852,0.044093378,852,0.055925518
851,0.013975345,851,0.041373651,851,0.044201642,851,0.056008264
850,0.014637345,850,0.041482519,850,0.044343643,850,0.056101128
849,0.01529073,849,0.041574266,849,0.044420194,849,0.056215577
848,0.01602317,848,0.04174063,848,0.044558022,848,0.056355607
847,0.016675795,847,0.04182633,847,0.044660661,847,0.056445155
846,0.017226314,846,0.041920826,846,0.044707082,846,0.056526672
845,0.017823486,845,0.04203371,845,0.044858206,845,0.056634717
844,0.018330259,844,0.042175401,844,0.045018453,844,0.056829788
843,0.019001452,843,0.042251889,843,0.045135938,843,0.056916632
842,0.019386237,842,0.042399503,842,0.045191515,842,0.056965444
841,0.019613313,841,0.042494781,841,0.045321859,841,0.057126354
840,0.020344812,840,0.042630229,840,0.045450486,840,0.057222117
839,0.020680021,839,0.042781375,839,0.045603104,839,0.057360258
838,0.021119151,838,0.042918455,838,0.045731675,838,0.057541855
837,0.021394666,837,0.043015447,837,0.04588367,837,0.057667591
836,0.021719147,836,0.043176588,836,0.045988668,836,0.05781037
835,0.022183603,835,0.043321572,835,0.04614988,835,0.057897527
834,0.022373741,834,0.043530129,834,0.046359248,834,0.058135096
833,0.022613812,833,0.043670651,833,0.046475396,833,0.058256034
832,0.022901546,832,0.043745052,832,0.046585865,832,0.058373362
831,0.023117745,831,0.043938771,831,0.046730552,831,0.058536783
830,0.023397837,830,0.044096332,830,0.046907526,830,0.058689713
829,0.023474146,829,0.044278886,829,0.047065992,829,0.058890276
828,0.023719389,828,0.044497363,828,0.047297541,828,0.059115313
827,0.023938924,827,0.044656072,827,0.047420058,827,0.05917342
826,0.024131257,826,0.044783011,826,0.047548965,826,0.059317347
825,0.024369342,825,0.044952706,825,0.04773647,825,0.059519656
824,0.024535544,824,0.045173332,824,0.04792906,824,0.059707623
823,0.024712084,823,0.045304302,823,0.04809941,823,0.059900098
822,0.024793914,822,0.045551814,822,0.048329365,822,0.060137104
821,0.024887051,821,0.045731414,821,0.048494954,821,0.060281944
820,0.02500453,820,0.045871962,820,0.048651975,820,0.060439747
819,0.025159646,819,0.046113148,819,0.048865855,819,0.060624212
818,0.025236841,818,0.046264041,818,0.049053989,818,0.060812779
817,0.025381172,817,0.046492394,817,0.049257893,817,0.06102749
816,0.025534967,816,0.046666734,816,0.049456526,816,0.061243385
815,0.025574969,815,0.046864327,815,0.049625415,815,0.061415758
814,0.02580025,814,0.047149923,814,0.049919944,814,0.061687484
813,0.025956474,813,0.047353685,813,0.050087709,813,0.06185114
812,0.026005942,812,0.047513355,812,0.050271869,812,0.062036477
811,0.026078532,811,0.047727168,811,0.050494518,811,0.062253173
810,0.026098242,810,0.047971524,810,0.050739594,810,0.062483843
809,0.026176181,809,0.048177436,809,0.050921179,809,0.062721513
808,0.026210027,808,0.048444506,808,0.05120704,808,0.062942594
807,0.026374595,807,0.048684087,807,0.051418249,807,0.063183092
806,0.026436271,806,0.048896797,806,0.051588252,806,0.063359261
805,0.026503704,805,0.049123552,805,0.051841475,805,0.063586749
804,0.026591266,804,0.04932737,804,0.052063178,804,0.063842982
803,0.026565479,803,0.049578927,803,0.052298747,803,0.064054221
802,0.026606595,802,0.04988182,802,0.052592117,802,0.064347237
801,0.026805399,801,0.050063249,801,0.052759893,801,0.064521812
800,0.026924225,800,0.050314739,800,0.053031288,800,0.064743415
799,0.026585266,799,0.050460529,799,0.053198766,799,0.064939067
798,0.026706867,798,0.050571028,798,0.053329311,798,0.065059237
797,0.026786374,797,0.050885644,797,0.053620096,797,0.065314032
796,0.026875315,796,0.051206369,796,0.053908061,796,0.06563168
795,0.026828364,795,0.051451586,795,0.054179441,795,0.065861896
794,0.026917478,794,0.051747154,794,0.054439079,794,0.066169158
793,0.026976639,793,0.05210774,793,0.054849397,793,0.066530913
792,0.026963778,792,0.05231069,792,0.0550013,792,0.066722363
791,0.026944386,791,0.052588318,791,0.055331346,791,0.066959679
790,0.026977053,790,0.052837532,790,0.05552892,790,0.067195192
789,0.027100058,789,0.053136241,789,0.055826012,789,0.067478396
788,0.026962509,788,0.053356297,788,0.05608416,788,0.067677341
787,0.027134804,787,0.053602934,787,0.056295104,787,0.067926802
786,0.027078679,786,0.053816486,786,0.056529209,786,0.068189703
785,0.027148141,785,0.05411071,785,0.056865815,785,0.068500228
784,0.027149685,784,0.054468364,784,0.057149179,784,0.068732239
783,0.027255153,783,0.054631993,783,0.057337955,783,0.068892293
782,0.027241014,782,0.054890577,782,0.057562571,782,0.069171168
781,0.027247326,781,0.055164278,781,0.057813916,781,0.069423221
780,0.027279437,780,0.05536766,780,0.058070738,780,0.069625311
779,0.027341818,779,0.055624533,779,0.0583116,779,0.06986063
778,0.027339419,778,0.055842467,778,0.058530118,778,0.070093401
777,0.027427509,777,0.056138538,777,0.058766138,777,0.070310898
776,0.02739376,776,0.05633663,776,0.05897836,776,0.070490137
775,0.027400129,775,0.056531213,775,0.059236106,775,0.070753068
774,0.027419953,774,0.056787305,774,0.059420981,774,0.070945628
773,0.027413584,773,0.056985367,773,0.059599582,773,0.071158156
772,0.02749653,772,0.057209004,772,0.059854876,772,0.071317337
771,0.027498681,771,0.057372902,771,0.060050506,771,0.07153102
770,0.027557923,770,0.057637438,770,0.060256518,770,0.071688592
769,0.027486933,769,0.057823323,769,0.060427103,769,0.07191126
768,0.027605146,768,0.05798804,768,0.060563438,768,0.072011679
767,0.027594581,767,0.05815611,767,0.060766745,767,0.072211124
766,0.027547553,766,0.058314323,766,0.060958829,766,0.072368644
765,0.027597174,765,0.058491997,765,0.061090417,765,0.072492667
764,0.027625587,764,0.058619492,764,0.061230507,764,0.072635837
763,0.02772546,763,0.058843289,763,0.061476026,763,0.072828501
762,0.027776316,762,0.059020467,762,0.061580148,762,0.072972797
761,0.027737075,761,0.059173893,761,0.061764173,761,0.073037967
760,0.02789538,760,0.059332807,760,0.061905947,760,0.073237613
759,0.027838051,759,0.059450783,759,0.06206625,759,0.073328562
758,0.027986756,758,0.059603471,758,0.062179174,758,0.073530637
757,0.027953185,757,0.059807427,757,0.062382732,757,0.073634379
756,0.02801685,756,0.059957065,756,0.06246857,756,0.07377851
755,0.028125735,755,0.060095128,755,0.062623911,755,0.073861569
754,0.028069977,754,0.060252801,754,0.062785283,754,0.074031875
753,0.028255945,753,0.060382806,753,0.062904112,753,0.074126154
752,0.028178543,752,0.060589805,752,0.063174322,752,0.074368291
751,0.028336814,751,0.060692228,751,0.063239202,751,0.074377261
750,0.028426707,750,0.060772017,750,0.063334852,750,0.074475981
749,0.028459929,749,0.060891513,749,0.063377984,749,0.074568234
748,0.028540228,748,0.061030321,748,0.063583359,748,0.074681111
747,0.028621869,747,0.061158951,747,0.063639313,747,0.074764617
746,0.028682094,746,0.061184224,746,0.063745126,746,0.074831039
745,0.028792417,745,0.061374851,745,0.06390053,745,0.075003818
744,0.028867964,744,0.061447188,744,0.06397254,744,0.075011447
743,0.0290005,743,0.061510589,743,0.064014442,743,0.07507775
742,0.02906587,742,0.061599359,742,0.064092293,742,0.075140409
741,0.029241547,741,0.061752386,741,0.064165235,741,0.075213939
740,0.029362012,740,0.061717145,740,0.064260907,740,0.075276643
739,0.029438322,739,0.061889142,739,0.064349487,739,0.075350873
738,0.029682329,738,0.061891079,738,0.064411968,738,0.07542745
737,0.029682718,737,0.06195619,737,0.064448118,737,0.075391419
736,0.029901821,736,0.062007066,736,0.064524241,736,0.075482182
735,0.030040193,735,0.062142827,735,0.06460128,735,0.075566731
734,0.030198839,734,0.062184554,734,0.064642377,734,0.075578347
733,0.030405404,733,0.06226372,733,0.064735629,733,0.075669944
732,0.03053591,732,0.062279463,732,0.064819112,732,0.075724855
731,0.030767003,731,0.062362231,731,0.064846396,731,0.07577987
730,0.030968973,730,0.062404249,730,0.064917967,730,0.075815588
729,0.031160969,729,0.062491674,729,0.065020479,729,0.075906903
728,0.031380292,728,0.06266392,728,0.065145999,728,0.076020248
727,0.031662423,727,0.062611468,727,0.06510561,727,0.076000415
726,0.031881053,726,0.062703811,726,0.06523855,726,0.076071255
725,0.032191329,725,0.062749751,725,0.065301903,725,0.076144814
724,0.032422163,724,0.062799372,724,0.065341532,724,0.076162152
723,0.032712705,723,0.062945135,723,0.065492243,723,0.076298274
722,0.033039246,722,0.062976852,722,0.065520234,722,0.076367557
721,0.033188738,721,0.063021682,721,0.065591462,721,0.07639765
720,0.033509038,720,0.063082293,720,0.065637343,720,0.076464415
719,0.033821829,719,0.063123129,719,0.065760113,719,0.076490931
718,0.03407139,718,0.063120104,718,0.06572289,718,0.076465406
717,0.034247871,717,0.063102171,717,0.065718614,717,0.076459102
716,0.034519289,716,0.063123003,716,0.065727353,716,0.076428175
715,0.034742586,715,0.063068643,715,0.065708496,715,0.076387003
714,0.034900434,714,0.063045003,714,0.06568832,714,0.076294206
713,0.035053402,713,0.062949657,713,0.065551929,713,0.076214232
712,0.035185229,712,0.062819771,712,0.065513343,712,0.076079704
711,0.035295561,711,0.062790461,711,0.065428674,711,0.076002948
710,0.03537,710,0.062655933,710,0.065310508,710,0.075782269
709,0.035441644,709,0.062580377,709,0.065158568,709,0.075610451
708,0.035514031,708,0.062427264,708,0.064976797,708,0.075437889
707,0.035608541,707,0.062295835,707,0.064901188,707,0.075303547
706,0.035606295,706,0.062175114,706,0.064747743,706,0.075116955
705,0.035625737,705,0.062065266,705,0.064617351,705,0.074911438
704,0.035668142,704,0.061968699,704,0.064510308,704,0.074746564
703,0.035709593,703,0.06180333,703,0.064318754,703,0.074560061
702,0.035832763,702,0.061730962,702,0.064207934,702,0.074361593
701,0.035937577,701,0.061639421,701,0.06407021,701,0.074191712
700,0.035960075,700,0.061550051,700,0.063993447,700,0.074093059
699,0.036033869,699,0.061476264,699,0.063909493,699,0.073909931
698,0.03612658,698,0.061366979,698,0.063865386,698,0.073756851
697,0.036183693,697,0.061367814,697,0.063795254,697,0.073665813
696,0.036289293,696,0.061362147,696,0.063729443,696,0.073567063
695,0.036372069,695,0.061354965,695,0.063708611,695,0.073480166
694,0.036435939,694,0.06135213,694,0.06372606,694,0.073465027
693,0.036512263,693,0.061359912,693,0.063689485,693,0.073407978
692,0.036612626,692,0.061396018,692,0.06376899,692,0.073348299
691,0.036663689,691,0.061518524,691,0.063819893,691,0.07335449
690,0.036800567,690,0.061558701,690,0.063834317,690,0.073359393
689,0.036973879,689,0.061644763,689,0.063961804,689,0.073408589
688,0.037112154,688,0.061831653,688,0.06409964,688,0.073500097
687,0.037262041,687,0.061961263,687,0.064166225,687,0.073555566
686,0.037349034,686,0.062095039,686,0.064344719,686,0.073604442
685,0.037591826,685,0.062315617,685,0.064558059,685,0.073785968
684,0.037648562,684,0.062519655,684,0.064702973,684,0.073863991
683,0.037874293,683,0.062734827,683,0.064951211,683,0.074066348
682,0.037969999,682,0.063041918,682,0.065173246,682,0.074263543
681,0.038186595,681,0.063269474,681,0.065399006,681,0.074434653
680,0.038293056,680,0.063571014,680,0.065708436,680,0.074693225
679,0.038499434,679,0.063938111,679,0.066054679,679,0.074947521
678,0.03858659,678,0.064199232,678,0.066348933,678,0.075177863
677,0.038734805,677,0.064595878,677,0.066719256,677,0.075456589
676,0.038904078,676,0.065018855,676,0.067058571,676,0.075829588
675,0.03902252,675,0.065408058,675,0.067452848,675,0.076105274
674,0.039161451,674,0.06585069,674,0.067899592,674,0.076488435
673,0.039297253,673,0.066286355,673,0.068293266,673,0.076862037
672,0.039493136,672,0.066723876,672,0.068768628,672,0.077271812
671,0.039583329,671,0.067200907,671,0.069240138,671,0.077604592
670,0.039822467,670,0.067754909,670,0.069760948,670,0.07812614
669,0.039954584,669,0.068313107,669,0.070284113,669,0.078518689
668,0.040120188,668,0.068862595,668,0.070876993,668,0.078998894
667,0.040289033,667,0.06945812,667,0.07149037,667,0.079488583
666,0.040429395,666,0.070105992,666,0.072112277,666,0.079997681
665,0.040637556,665,0.070773758,665,0.07285054,665,0.080452695
664,0.040838368,664,0.071491495,664,0.073594138,664,0.08102338
663,0.041049775,663,0.07231082,663,0.074416004,663,0.081575669
662,0.041164365,662,0.073126793,662,0.075228222,662,0.082091227
661,0.041416164,661,0.073976405,661,0.076150738,661,0.08262518
660,0.041579876,660,0.075008892,660,0.077147074,660,0.083190545
659,0.041802045,659,0.075912543,659,0.07820607,659,0.083729118
658,0.042023357,658,0.0771809,658,0.079515934,658,0.084286146
657,0.042230319,657,0.07831905,657,0.080751725,657,0.084800117
656,0.042451791,656,0.079687603,656,0.082124285,656,0.085353136
655,0.042682633,655,0.081138104,655,0.083578594,655,0.085959144
654,0.04288305,654,0.082697704,654,0.085258029,654,0.086427972
653,0.043070298,653,0.084514894,653,0.087206975,653,0.086954795
652,0.043343052,652,0.085916169,652,0.088654086,652,0.087502681
651,0.043583442,651,0.086587474,651,0.089365475,651,0.087923512
650,0.043834556,650,0.087173939,650,0.08993227,650,0.088441044
649,0.043984026,649,0.08775302,649,0.090508573,649,0.088905856
648,0.044160888,648,0.088349409,648,0.091097519,648,0.089408249
647,0.044393901,647,0.088859066,647,0.091608822,647,0.089934088
646,0.044603229,646,0.089382969,646,0.092180826,646,0.090333089
645,0.044762205,645,0.089894697,645,0.092731535,645,0.090768889
644,0.044962466,644,0.090379402,644,0.093254223,644,0.091198295
643,0.045158569,643,0.09088216,643,0.093718313,643,0.091572411
642,0.045310538,642,0.0913518,642,0.094210707,642,0.092001304
641,0.045503002,641,0.091832951,641,0.094601169,641,0.092339993
640,0.045726355,640,0.092284285,640,0.095050946,640,0.092690609
639,0.045896042,639,0.092675969,639,0.095482543,639,0.092972569
638,0.046097692,638,0.09307272,638,0.095925674,638,0.093261831
637,0.046376504,637,0.09339992,637,0.096226215,637,0.093519881
636,0.04661281,636,0.093773626,636,0.096621022,636,0.093747281
635,0.046836302,635,0.09414608,635,0.096968286,635,0.094033659
634,0.047108028,634,0.094426088,634,0.097252645,634,0.094215952
633,0.047408827,633,0.094742201,633,0.097602911,633,0.094377056
632,0.047696311,632,0.095050588,632,0.097897835,632,0.094543725
631,0.047952216,631,0.095274411,631,0.098170348,631,0.094666384
630,0.048273791,630,0.095599279,630,0.098433897,630,0.094891429
629,0.048714373,629,0.095835611,629,0.098607652,629,0.094916195
628,0.049104538,628,0.096009433,628,0.098869622,628,0.095056519
627,0.049409244,627,0.096247315,627,0.099086836,627,0.095065251
626,0.049766965,626,0.096474178,626,0.099298686,626,0.095146619
625,0.050222088,625,0.096601591,625,0.099466182,625,0.095237955
624,0.050622012,624,0.096759051,624,0.099581324,624,0.095206596
623,0.051025074,623,0.096825689,623,0.099686623,623,0.095138334
622,0.051377892,622,0.096954659,622,0.099816218,622,0.095128924
621,0.051783755,621,0.097083963,621,0.099919491,621,0.095000431
620,0.052154966,620,0.097063087,620,0.099876322,620,0.094972529
619,0.052536957,619,0.097112,619,0.099906132,619,0.094821736
618,0.052940015,618,0.097096391,618,0.099932492,618,0.094706401
617,0.053376962,617,0.097137764,617,0.099913985,617,0.094455846
616,0.053791199,616,0.097122908,616,0.100034528,616,0.094290659
615,0.054188736,615,0.097089693,615,0.099857591,615,0.094021052
614,0.054679874,614,0.097047389,614,0.099865407,614,0.093944594
613,0.055057831,613,0.096985243,613,0.099875346,613,0.093689784
612,0.055494592,612,0.096792273,612,0.099808663,612,0.093661554
611,0.055949252,611,0.096916378,611,0.09991695,611,0.093347281
610,0.056409959,610,0.09677238,610,0.099717826,610,0.0930757
609,0.056851681,609,0.096594281,609,0.099390939,609,0.092799671
608,0.057334587,608,0.096455425,608,0.099153273,608,0.092447586
607,0.057755459,607,0.096122816,607,0.098863833,607,0.091837332
606,0.058213677,606,0.096037589,606,0.098756589,606,0.091692097
605,0.058562789,605,0.095638439,605,0.098597392,605,0.091074437
604,0.058863033,604,0.095443971,604,0.098163627,604,0.090649657
603,0.059300493,603,0.094972372,603,0.097958647,603,0.090314761
602,0.059683505,602,0.094859667,602,0.097743168,602,0.089687571
601,0.0599658,601,0.094653286,601,0.097321786,601,0.089382045
600,0.060294405,600,0.094495162,600,0.097526208,600,0.089189783
599,0.060669307,599,0.094317034,599,0.097223535,599,0.088926189
598,0.061026923,598,0.094119459,598,0.096986733,598,0.088169403
597,0.061366562,597,0.093648419,597,0.096580245,597,0.087574564
596,0.061699629,596,0.092813164,596,0.095591858,596,0.086630195
595,0.062039047,595,0.092498064,595,0.09516231,595,0.086552307
594,0.062424421,594,0.091844365,594,0.094861634,594,0.08579012
593,0.062764734,593,0.091313273,593,0.09430822,593,0.085072242
592,0.063179106,592,0.091005392,592,0.093925022,592,0.083725855
591,0.06348601,591,0.090555258,591,0.092964001,591,0.083351217
590,0.063993119,590,0.089666791,590,0.092293218,590,0.082378589
589,0.064444937,589,0.089912817,589,0.092211328,589,0.082687899
588,0.064938135,588,0.08872962,588,0.091973275,588,0.081883878
587,0.065563127,587,0.088337481,587,0.091440044,587,0.080939412
586,0.06600821,586,0.087674901,586,0.090369679,586,0.080018006
585,0.066548176,585,0.085947655,585,0.088422574,585,0.078231297
584,0.06708464,584,0.084537007,584,0.087218873,584,0.07631062
583,0.067712948,583,0.083698042,583,0.086041339,583,0.075490557
582,0.068236619,582,0.081681788,582,0.084941812,582,0.074076541
581,0.068767145,581,0.080369741,581,0.083274327,581,0.072012231
580,0.069401383,580,0.079807788,580,0.081630051,580,0.071392387
579,0.069962278,579,0.077516146,579,0.079896264,579,0.070042908
578,0.070563644,578,0.075327806,578,0.077986315,578,0.066603631
577,0.071151078,577,0.073759496,577,0.076577194,577,0.064396322
576,0.07171794,576,0.071337409,576,0.073589571,576,0.063228361
575,0.072272941,575,0.068170741,575,0.070028581,575,0.060319688
574,0.072901241,574,0.065451339,574,0.07005699,574,0.058724947
573,0.07347174,573,0.062068637,573,0.065975122,573,0.053945839
572,0.074141905,572,0.060695115,572,0.061833322,572,0.051400036
571,0.074708045,571,0.056964412,571,0.059170809,571,0.047323346
570,0.075300902,570,0.053602055,570,0.055572901,570,0.044292014
569,0.075864509,569,0.051398348,569,0.054641534,569,0.043738265
568,0.076501831,568,0.047973782,568,0.049177583,568,0.037921835
567,0.077121012,567,0.04122445,567,0.04488777,567,0.033761725
566,0.077775382,566,0.036831647,566,0.040043652,566,0.029239748
565,0.078490771,565,0.028731346,565,0.032545909,565,0.024707837
564,0.07917051,564,0.022171207,564,0.027593119,564,0.017093472
563,0.079862915,563,0.019293405,563,0.021854065,563,0.012463289
562,0.080636516,562,0.015321245,562,0.013034045,562,0.006772294
561,0.081387207,561,0.006123688,561,0.007416788,561,0.000413129
560,0.082168005,560,-0.000125684,560,0.00202592,560,-0.006897493
559,0.082940154,559,-0.009915916,559,-0.00338159,559,-0.011513405
558,0.083788261,558,-0.016624432,558,-0.016108958,558,-0.019189788
557,0.084617928,557,-0.025683418,557,-0.017521895,557,-0.022462627
556,0.085449629,556,-0.034761738,556,-0.031355985,556,-0.035097238
555,0.086327411,555,-0.039463818,555,-0.037649214,555,-0.034504987
554,0.087278552,554,-0.049400344,554,-0.046281524,554,-0.043865986
553,0.088125169,553,-0.057268731,553,-0.051765393,553,-0.053538326
552,0.089025885,552,-0.05874145,552,-0.057647411,552,-0.059299227
551,0.090033352,551,-0.068194829,551,-0.064282812,551,-0.06833224
550,0.091012441,550,-0.076844737,550,-0.075282693,550,-0.070778638
549,0.091974393,549,-0.080872804,549,-0.076405458,549,-0.074353851
548,0.093030222,548,-0.083725631,548,-0.074637845,548,-0.076367728
547,0.093954585,547,-0.091879949,547,-0.080207936,547,-0.078229643
546,0.094978943,546,-0.086415723,546,-0.085828893,546,-0.081505544
545,0.096021309,545,-0.091938898,545,-0.087228529,545,-0.086088799
544,0.097089693,544,-0.092569202,544,-0.085603908,544,-0.082487568
543,0.098092079,543,-0.086927392,543,-0.087744907,543,-0.085011214
542,0.099191591,542,-0.092157871,542,-0.087089255,542,-0.08041165
541,0.100243911,541,-0.088072695,541,-0.086260743,541,-0.082931943
540,0.101311922,540,-0.086306833,540,-0.082853451,540,-0.08669737
539,0.102383874,539,-0.092142247,539,-0.080383852,539,-0.083311044
538,0.103468895,538,-0.08321441,538,-0.073645189,538,-0.075991772
537,0.104534239,537,-0.082315892,537,-0.075525098,537,-0.073059082
536,0.105592661,536,-0.074396081,536,-0.072588056,536,-0.065651909
535,0.106690675,535,-0.068433836,535,-0.064612508,535,-0.066548005
534,0.107775375,534,-0.061603121,534,-0.058088943,534,-0.059028924
533,0.108782306,533,-0.057462625,533,-0.055114485,533,-0.052516423
532,0.109865613,532,-0.052375104,532,-0.046769347,532,-0.048364613
531,0.11095982,531,-0.050013196,531,-0.046388738,531,-0.041726779
530,0.112002581,530,-0.040377062,530,-0.038586929,530,-0.038198367
529,0.113091379,529,-0.034667391,529,-0.028899776,529,-0.032028101
528,0.11415416,528,-0.027604332,528,-0.027455496,528,-0.027210044
527,0.11521215,527,-0.019594887,527,-0.020783445,527,-0.020555671
526,0.116263084,526,-0.019456446,526,-0.013880997,526,-0.013832605
525,0.117206737,525,-0.008951411,525,-0.002556363,525,-0.008946137
524,0.11823424,524,-0.004292715,524,0.003046645,524,-0.003131858
523,0.119287349,523,0.00458787,523,0.003639424,523,0.000634851
522,0.120376892,522,0.007628099,522,0.01104938,522,0.008954786
521,0.121364653,521,0.015230591,521,0.013811185,521,0.010422437
520,0.122373164,520,0.021638494,520,0.021017361,520,0.020875914
519,0.123445958,519,0.023331814,519,0.031657133,519,0.026198424
518,0.124461211,518,0.028362954,518,0.032125626,518,0.030594179
517,0.125487492,517,0.035024472,517,0.033067599,517,0.033838056
516,0.126459524,516,0.044127334,516,0.043826595,516,0.039081007
515,0.127547652,515,0.043737035,515,0.047258314,515,0.041856684
514,0.128477886,514,0.050624717,514,0.054335453,514,0.050797582
513,0.129483402,513,0.054546252,513,0.061078645,513,0.053562872
512,0.130516067,512,0.062247228,512,0.062162898,512,0.057486355
511,0.131456718,511,0.066283397,511,0.069121659,511,0.063781127
510,0.132415474,510,0.068777725,510,0.072111301,510,0.064178832
509,0.133416027,509,0.074506216,509,0.074766152,509,0.070834085
508,0.134393588,508,0.078943908,508,0.079094067,508,0.075254291
507,0.135306597,507,0.084649511,507,0.083658807,507,0.076180659
506,0.136307925,506,0.086816743,506,0.09015879,506,0.083531156
505,0.137246668,505,0.091023266,505,0.092693202,505,0.087644845
504,0.138173744,504,0.094801605,504,0.095651254,504,0.089273646
503,0.13910538,503,0.100210093,503,0.099502474,503,0.093183033
502,0.139912486,502,0.100820482,502,0.103455134,502,0.096895479
501,0.140788108,501,0.10430675,501,0.107940592,501,0.101705745
500,0.141661331,500,0.109688461,500,0.110500351,500,0.102997787
499,0.142524168,499,0.145099431,499,0.14603366,499,0.142966747
498,0.143424913,498,0.14633359,498,0.147194177,498,0.144321263
497,0.144321367,497,0.147223786,497,0.148206994,497,0.145414501
496,0.145154432,496,0.14804247,496,0.149042487,496,0.146326348
495,0.146005407,495,0.148799926,495,0.149899468,495,0.147307694
494,0.146807805,494,0.149591073,494,0.150703579,494,0.148254842
493,0.147615477,493,0.150270715,493,0.151473522,493,0.149149582
492,0.148427203,492,0.15102984,492,0.152271062,492,0.149960265
491,0.149215311,491,0.151703253,491,0.152964845,491,0.150800794
490,0.150015816,490,0.152318955,490,0.15359275,490,0.151614055
489,0.150790095,489,0.152986899,489,0.15429765,489,0.152414292
488,0.151478246,488,0.15357317,488,0.154969677,488,0.153241977
487,0.152203918,487,0.154197738,487,0.155643389,487,0.153991148
486,0.152953655,486,0.154823065,486,0.156255662,486,0.154825062
485,0.153634697,485,0.155411586,485,0.156935781,485,0.155663863
484,0.154288381,484,0.156027168,484,0.157671183,484,0.156457841
483,0.154998168,483,0.156743258,483,0.158383116,483,0.157287315
482,0.155680761,482,0.157377452,482,0.159032866,482,0.158148855
481,0.156305328,481,0.158058256,481,0.159739271,481,0.158949509
480,0.156920463,480,0.158636913,480,0.160425693,480,0.159703672
479,0.157538787,479,0.159254506,479,0.161102742,479,0.160520956
478,0.158130825,478,0.159824312,478,0.161754668,478,0.161321461
477,0.158757955,477,0.16041252,477,0.162420988,477,0.162128806
476,0.159311026,476,0.161005005,476,0.163022965,476,0.162834764
475,0.159885317,475,0.161536664,475,0.163645446,475,0.16359821
474,0.160427645,474,0.162101895,474,0.164215565,474,0.164369777
473,0.160953775,473,0.162597299,473,0.16483514,473,0.164986998
472,0.161478028,472,0.163145438,472,0.165385127,472,0.165701225
471,0.161960214,471,0.16361545,471,0.165955141,471,0.166409895
470,0.162481234,470,0.164027646,470,0.166541264,470,0.166990623
469,0.163023904,469,0.164525673,469,0.167086005,469,0.167681649
468,0.163436532,468,0.165053621,468,0.167622894,468,0.168339789
467,0.163889453,467,0.165481046,467,0.16810745,467,0.168981388
466,0.16435191,466,0.165993914,466,0.168651566,466,0.169613272
465,0.164838314,465,0.166371852,465,0.169118479,465,0.170261011
464,0.165260837,464,0.166839093,464,0.169653371,464,0.17082575
463,0.165648341,463,0.16725041,463,0.170143262,463,0.171418831
462,0.166089267,462,0.167653129,462,0.170640767,462,0.171987534
461,0.166460678,461,0.168108791,461,0.171132281,461,0.172616407
460,0.166945189,460,0.168628961,460,0.171680123,460,0.173303559
459,0.167350709,459,0.169125468,459,0.172189578,459,0.173900262
458,0.167747885,458,0.169470921,458,0.172680005,458,0.174440041
457,0.168206543,457,0.169893235,457,0.173111275,457,0.175094217
456,0.168626979,456,0.170299366,456,0.173664436,456,0.175675273
455,0.169029102,455,0.170729235,455,0.174137428,455,0.176246241
454,0.169434398,454,0.171157047,454,0.174642935,454,0.176872909
453,0.169851393,453,0.171509028,453,0.175033405,453,0.177454725
452,0.170248911,452,0.171958566,452,0.175576866,452,0.17805998
451,0.170681149,451,0.17235224,451,0.176030994,451,0.178653196
450,0.17107904,450,0.172771543,450,0.176518232,450,0.179252848
449,0.171623737,449,0.173247159,449,0.177006245,449,0.179911301
448,0.172089309,448,0.173764259,448,0.17757234,448,0.180608794
447,0.172512829,447,0.174159154,447,0.178087786,447,0.181290656
446,0.172932878,446,0.17457135,446,0.178586915,446,0.181913957
445,0.173365638,445,0.175002947,445,0.179052159,445,0.182568103
444,0.173805118,444,0.1754006,444,0.179583743,444,0.183171645
443,0.174164027,443,0.175779477,443,0.179983571,443,0.183785513
442,0.174637869,442,0.176261783,442,0.180546776,442,0.184477642
441,0.175096855,441,0.176703394,441,0.181010008,441,0.185176224
440,0.175441116,440,0.177036241,440,0.181411386,440,0.185715392
439,0.175805986,439,0.177371845,439,0.181813374,439,0.186292335
438,0.176209658,438,0.177757829,438,0.182241172,438,0.186835364
437,0.176440388,437,0.177977607,437,0.182582006,437,0.187262476
436,0.17668578,436,0.178256929,436,0.182852939,436,0.187676266
435,0.17680493,435,0.17834802,435,0.183039531,435,0.187927738
434,0.176985547,434,0.178419918,434,0.18317318,434,0.188146323
433,0.177081421,433,0.17852138,433,0.183301389,433,0.188368037
432,0.177156121,432,0.178595617,432,0.183385611,432,0.188470542
431,0.177117467,431,0.178585544,431,0.18346411,431,0.188503772
430,0.177289367,430,0.178729326,430,0.183559388,430,0.188662022
429,0.177384153,429,0.178828552,429,0.183761254,429,0.188840643
428,0.177508324,428,0.178984031,428,0.183914021,428,0.189020813
427,0.177760482,427,0.179172427,427,0.184151456,427,0.189318582
426,0.178131178,426,0.179448023,426,0.184535593,426,0.189750388
425,0.178398177,425,0.179890961,425,0.184953809,425,0.190193266
424,0.178927824,424,0.180253401,424,0.185429618,424,0.190777674
423,0.179423049,423,0.180732757,423,0.185995996,423,0.19151181
422,0.179970488,422,0.18128483,422,0.186596096,422,0.192311361
421,0.180539161,421,0.181797832,421,0.187100485,421,0.193023965
420,0.181160003,420,0.182478443,420,0.187822282,420,0.193980798
419,0.181757703,419,0.18305862,419,0.188533142,419,0.194896519
418,0.182459563,418,0.183626741,418,0.189129233,418,0.195767745
417,0.182996556,417,0.184220597,417,0.189839631,417,0.196663111
416,0.18356207,416,0.184849471,416,0.190443188,416,0.197594181
415,0.18411237,415,0.185383752,415,0.191077441,415,0.198501334
414,0.184693515,414,0.185935706,414,0.191680789,414,0.199279055
413,0.185273975,413,0.186516553,413,0.192334577,413,0.200181156
412,0.185762882,412,0.187002525,412,0.19286795,412,0.200958103
411,0.186160177,411,0.187435269,411,0.193272725,411,0.201635912
410,0.186797112,410,0.187957615,410,0.193863764,410,0.2023312
409,0.187166914,409,0.188381448,409,0.194359452,409,0.203111485
408,0.187726989,408,0.189000979,408,0.195040613,408,0.203971401
407,0.188258052,407,0.189527661,407,0.195567161,407,0.204814449
406,0.188891113,406,0.190016896,406,0.19615601,406,0.205606893
405,0.189652592,405,0.190706462,405,0.196903944,405,0.206680283
404,0.190355867,404,0.191512331,404,0.197764516,404,0.20786649
403,0.191387072,403,0.192530721,403,0.198837861,403,0.209322959
402,0.19234103,402,0.193472177,402,0.199861497,402,0.210794166
401,0.193424195,401,0.194554448,401,0.201073051,401,0.212504789
400,0.194741011,400,0.195896879,400,0.202440888,400,0.214360744
399,0.19602488,399,0.197102904,399,0.203751445,399,0.216408581
398,0.197331592,398,0.198437437,398,0.205170691,398,0.218478456
397,0.198826447,397,0.19989346,397,0.206739366,397,0.220663399
396,0.200223431,396,0.20124577,396,0.208161861,396,0.222905517
395,0.201632083,395,0.202717409,395,0.209737048,395,0.225218013
394,0.203183711,394,0.204175606,394,0.211361617,394,0.227533713
393,0.204614371,393,0.205613866,393,0.212909535,393,0.229968533
392,0.206169844,392,0.207254767,392,0.214491114,392,0.232478231
391,0.207736254,391,0.208760798,391,0.216138288,391,0.234979913
390,0.209429741,390,0.210458294,390,0.218019873,390,0.237719476
389,0.211136207,389,0.212161928,389,0.219793722,389,0.240491599
388,0.212901637,388,0.213835135,388,0.22172299,388,0.243366361
387,0.214761019,387,0.215763658,387,0.223725587,387,0.246430337
386,0.216725305,386,0.21778293,386,0.225771114,386,0.249670848
385,0.218698606,385,0.21970734,385,0.227826983,385,0.25282836
384,0.220819086,384,0.221777991,384,0.230060816,384,0.256290048
383,0.223092437,383,0.224114046,383,0.232520804,383,0.25999397
382,0.225423411,382,0.22642009,382,0.235100225,382,0.263892561
381,0.227954194,381,0.228899181,381,0.237761632,381,0.2681503
380,0.230709285,380,0.231646732,380,0.240576014,380,0.27248168
379,0.23369275,379,0.234512508,379,0.243699059,379,0.277239263
378,0.236759514,378,0.23774749,378,0.247040868,378,0.282415927
377,0.240066767,377,0.240998685,377,0.250579059,377,0.287864447
376,0.243644163,376,0.244478017,376,0.25436464,376,0.293653578
375,0.247397676,375,0.248186007,375,0.258329243,375,0.299763739
374,0.251262933,374,0.252178967,374,0.262395561,374,0.30614388
373,0.25528121,373,0.256195992,373,0.26682815,373,0.312965304
372,0.259530425,372,0.2604177,372,0.271331281,372,0.31982249
371,0.263911903,371,0.264598489,371,0.275823355,371,0.326838642
370,0.268426627,370,0.269110978,370,0.280591011,370,0.334197372
369,0.272808641,369,0.273666084,369,0.285480142,369,0.341574997
368,0.277302116,368,0.278131574,368,0.2903108,368,0.349015415
367,0.282049775,367,0.282844573,367,0.295234859,367,0.35672164
366,0.286773026,366,0.287659764,366,0.300280631,366,0.364582688
365,0.291843414,365,0.292585015,365,0.305605739,365,0.372785151
364,0.297055036,364,0.297858089,364,0.311152577,364,0.381157219
363,0.302296877,363,0.303111196,363,0.316699892,363,0.389791966
362,0.308121771,362,0.308804184,362,0.322896183,362,0.399190694
361,0.31417793,361,0.314865768,361,0.329351723,361,0.40888226
360,0.320389718,360,0.321113229,360,0.335991353,360,0.419125438
359,0.327324212,359,0.328011215,359,0.34324488,359,0.430029422
358,0.334485799,358,0.335103124,358,0.350880235,358,0.441469878
357,0.341929972,357,0.342517316,357,0.358676285,357,0.453274131
356,0.349752694,356,0.35043323,356,0.366991729,356,0.465664297
355,0.357901901,355,0.358489752,355,0.37558353,355,0.478359163
354,0.366245151,354,0.366826952,354,0.38442719,354,0.491541773
353,0.374830604,353,0.375396282,353,0.393459886,353,0.504762411
352,0.383504808,352,0.38420257,352,0.402658433,352,0.5183025
351,0.392436713,351,0.393003881,351,0.411836863,351,0.531931579
350,0.401324451,350,0.401908994,350,0.42132476,350,0.545697868
349,0.363844395,349,0.362402827,349,0.386273652,349,0.518032968
348,0.369454593,348,0.368519098,348,0.395179987,348,0.532057047
347,0.380954862,347,0.379617423,347,0.40564847,347,0.543973923
346,0.387196481,346,0.385107845,346,0.413232744,346,0.55775851
345,0.397227585,345,0.395173639,345,0.423690528,345,0.570904553
344,0.403272569,344,0.402063817,344,0.430517525,344,0.583150566
343,0.412893623,343,0.409368992,343,0.440562427,343,0.592539012
342,0.41765371,342,0.415524632,342,0.445974201,342,0.604373157
341,0.424338877,341,0.42205435,341,0.453732133,341,0.611939967
340,0.429089963,340,0.427155972,340,0.457876831,340,0.62134546
339,0.433105588,339,0.430706263,339,0.462315202,339,0.626187563
338,0.434975714,338,0.433461756,338,0.466183066,338,0.631289363
337,0.437132657,337,0.436005771,337,0.467769563,337,0.633088231
336,0.438475758,336,0.435129106,336,0.46918416,336,0.635581613
335,0.437076926,335,0.435924292,335,0.467741609,335,0.634005725
334,0.436396092,334,0.433796465,334,0.46615085,334,0.630957365
333,0.43299982,333,0.431202591,333,0.464065313,333,0.62718904
332,0.428818733,332,0.427961975,332,0.459519625,332,0.621835232
331,0.424610734,331,0.423149914,331,0.454117626,331,0.615613163
330,0.41921556,330,0.418937266,330,0.448565006,330,0.60899967
329,0.414558739,329,0.412549824,329,0.444509625,329,0.601768673
328,0.408812314,328,0.406088352,328,0.438181341,328,0.594892025
327,0.403565884,327,0.40170756,327,0.43229872,327,0.587835074
326,0.398859888,326,0.396348059,326,0.427598,326,0.581755817
325,0.394210041,325,0.39226386,325,0.422673136,325,0.574635029
324,0.390812248,324,0.387595236,324,0.41782257,324,0.570366085
323,0.386265695,323,0.384708047,323,0.413793236,323,0.565552831
322,0.383286744,322,0.381241947,322,0.411038816,322,0.561695337
321,0.381883115,321,0.379159391,321,0.408839971,321,0.558847606
320,0.380720168,320,0.377379924,320,0.407775909,320,0.557509601
319,0.379040122,319,0.377298266,319,0.405998319,319,0.558025777
318,0.37849173,318,0.377278775,318,0.40713498,318,0.556970239
317,0.379001916,317,0.377497435,317,0.406630188,317,0.559564591
316,0.381061196,316,0.378117234,316,0.409178466,316,0.56202209
315,0.382432103,315,0.380372673,315,0.411533117,315,0.566217244
314,0.384486705,314,0.383057803,314,0.413115978,314,0.571222663
313,0.387897193,313,0.386004388,313,0.418052316,313,0.573881984
312,0.391736835,312,0.389048904,312,0.421201825,312,0.581537426
311,0.39560765,311,0.393409312,311,0.425869644,311,0.588000059
310,0.399973542,310,0.398920119,310,0.431021869,310,0.595153451
309,0.403991461,309,0.403190613,309,0.435657233,309,0.603516936
308,0.408289403,308,0.407636643,308,0.444651306,308,0.611384034
307,0.412920892,307,0.412115812,307,0.445831031,307,0.620776117
306,0.420728654,306,0.417504966,306,0.453029841,306,0.629916668
305,0.426572263,305,0.424696177,305,0.458598584,305,0.637702286
304,0.433699668,304,0.429321587,304,0.467384845,304,0.649430513
303,0.440539658,303,0.436577261,303,0.473560572,303,0.6600703
302,0.44459641,302,0.438438922,302,0.48289156,302,0.673226893
301,0.451645881,301,0.450787187,301,0.489919215,301,0.686950982
300,0.455801845,300,0.459661037,300,0.496761799,300,0.6958552
299,0.463889748,299,0.466017813,299,0.505700827,299,0.712393701
298,0.475769699,298,0.473402768,298,0.513409674,298,0.712892115
297,0.481088996,297,0.483121395,297,0.5270859,297,0.729911685
296,0.490183562,296,0.494416446,296,0.533354223,296,0.743915737
295,0.501347244,295,0.4989959,295,0.54341352,295,0.755134106
294,0.510399342,294,0.516923666,294,0.556892991,294,0.784469068
293,0.52393955,293,0.523298323,293,0.574247479,293,0.799587786
292,0.539257288,292,0.539866567,292,0.594073951,292,0.815269649
291,0.557853818,291,0.567028046,291,0.599010229,291,0.814845443
290,0.563261569,290,0.570231974,290,0.621793211,290,0.858777881
289,0.571847439,289,0.592259646,289,0.637751401,289,0.895092726
288,0.598876178,288,0.597042203,288,0.635941446,288,0.967113972
287,0.605053663,287,0.681514978,287,0.70157665,287,0.890735507
286,0.655244112,286,1.102735281,286,0.746860504,286,1.146959424
285,0.781609356,285,0.829927683,285,0.795105577,285,0.989251971
284,0.600438654,284,0.604642212,284,1.095859408,284,0.966201425
283,0.428487718,283,0.657397389,283,0.802324534,283,0.972252846
282,0.816365838,282,0.738476396,282,0.770199597,282,0.752580941
281,0.990325868,281,0.592912436,281,0.616755009,281,0.766911387
280,0.655746818,280,0.488129079,280,0.640587628,280,0.537506044
279,0.361331046,279,0.273635358,279,0.501523674,279,0.643810451
278,0.260787875,278,0.314784974,278,0.260910392,278,0.199564293
277,0.181177095,277,0.092806757,277,0.371635884,277,-0.213196144
276,0.021957628,276,0.218949661,276,-0.228104234,276,0.20545423
275,-0.108578302,275,-0.15337269,275,-0.187632069,275,0.248216182
274,0.056420453,274,0.076796234,274,0.060900718,274,0.305674285
273,0.160251543,273,0.164720088,273,-0.062571168,273,0.33932212
272,0.288389653,272,0.157767251,272,-0.486521125,272,0.520206869
271,-0.160248339,271,-0.377862275,271,0.359856218,271,0.081584513
270,0.287207305,270,-0.149214,270,-0.024541534,270,0.384441048
269,-0.116663463,269,0.179963589,269,0.069639042,269,-0.159599498
268,0.091476217,268,-0.106177256,268,0.230440944,268,0.089546584
267,-0.139356583,267,-0.274737537,267,-0.088645995,267,0.155285984
266,0.076261528,266,0.058167979,266,0.214837983,266,-0.278685123
265,-0.137456089,265,-0.18320556,265,0.431977868,265,0.014078491
264,-0.180520847,264,0.259175688,264,-0.176134676,264,0.227816001
263,-0.001206266,263,-0.148650631,263,0.050166849,263,0.161332533
262,-0.009680345,262,0.295597106,262,0.311537862,262,-0.256996453
261,0.172491893,261,0.090279579,261,-0.033609968,261,0.166121826
260,-0.10867095,260,0.192931473,260,-0.084096782,260,0.122253709
259,0.261872858,259,-0.013035208,259,0.232503697,259,-0.158346549
258,-0.152404919,258,0.015552859,258,-0.078104928,258,0.125434205
257,-0.264134616,257,-0.247483552,257,-0.310472012,257,0.265162706
256,-0.022759663,256,0.418414474,256,0.227295145,256,0.080689132
255,-0.183708817,255,-0.238306865,255,0.170850486,255,0.305469871
254,-0.020558288,254,-0.077157885,254,0.258877397,254,0.349156112
253,-0.074849591,253,0.17022574,253,-0.283461243,253,-0.17653589
252,0.3651357,252,0.239107937,252,0.028301917,252,0.016147519
251,0.124538139,251,-0.178831369,251,-0.179469839,251,-0.119855329
250,0.162640289,250,0.308305889,250,0.126390532,250,-0.027077464
249,-0.267633557,249,0.151660115,249,0.233277127,249,-0.053614385
248,0.292990208,248,0.094895065,248,0.491177738,248,-0.029324185
247,0.437378138,247,0.124892525,247,0.551925302,247,-0.063764706
246,0.069757238,246,0.216973186,246,-0.139789566,246,-0.410192251
245,0.183837012,245,-0.346956015,245,0.183501631,245,-0.187067807
244,-0.176701635,244,0.111111216,244,0.044415407,244,-0.123564638
243,-0.019695384,243,0.208114088,243,-0.118380785,243,-0.070695184
242,0.214943528,242,0.09563899,242,0.352562398,242,-0.049121819
241,0.353806704,241,-0.083089367,241,-0.085741065,241,-0.106465668
240,-0.181334823,240,-0.062220719,240,-0.085458837,240,0.017489882
239,0.314974606,239,0.411868483,239,0.131872624,239,0.372546941
238,0.209911287,238,-0.062571891,238,0.158722147,238,0.080190271
237,-0.127761155,237,0.239549622,237,0.574594677,237,-0.152547702
236,0.102838703,236,0.016702883,236,0.179877728,236,0.552619398
235,0.151679754,235,-0.309507042,235,0.074692518,235,0.072049052
234,-0.045722749,234,0.309395284,234,0.151532844,234,0.179272473
233,0.158819333,233,0.03907939,233,-0.089149266,233,-0.083956078
232,0.350265443,232,-0.02559479,232,-0.089005925,232,0.137943193
231,-0.035888586,231,0.124869578,231,0.181105137,231,0.052890774
230,-0.785350859,230,0.118774816,230,-0.017989354,230,0.028752975
229,-0.044426173,229,0.406815201,229,-0.123148114,229,0.097041011
228,0.171916023,228,0.040362176,228,0.157221317,228,0.048396003
227,-0.146705315,227,-0.082060739,227,0.047669616,227,-0.035958458
226,0.192626953,226,0.174248025,226,0.133632988,226,0.254525691
225,-0.178823009,225,0.818648577,225,-0.076070517,225,0.599376857
224,0.101522736,224,-0.031133018,224,0.091943361,224,0.287452161
223,-0.103303559,223,0.116102621,223,-0.026050085,223,0.232592315
222,0.382979691,222,0.05102979,222,-0.051731247,222,0.161228016
221,0.01533098,221,0.045031663,221,0.10562627,221,0.069564752
220,0.086574741,220,0.072606988,220,0.195284694,220,0.124820612
219,-0.052306768,219,0.07665813,219,0.241470248,219,0.064177118
218,-0.014142616,218,-0.033212222,218,0.074991018,218,0.262031764
217,0.08144179,217,-0.015475983,217,0.289494902,217,0.020353982
216,0.039883979,216,0.128962949,216,-0.117420517,216,-0.197794005
215,0.235088348,215,0.138017789,215,0.096077695,215,0.256257922
214,0.025400713,214,0.063290797,214,1.252016187,214,0.304073691
213,0.015927779,213,-0.063430339,213,0.233221769,213,-0.02512338
212,0.138676077,212,0.092026509,212,0.108741604,212,0.370223463
211,0.065705635,211,-0.143177822,211,0.131978899,211,0.035022702
210,0.241266772,210,0.849764705,210,0.434793323,210,0.075782456
209,0.069952242,209,0.158254087,209,0.104924843,209,0.149704918
208,0.424264789,208,0.071749575,208,0.178951189,208,-0.132876188
207,0.033994596,207,0.112872288,207,0.278302759,207,0.255289435
206,0.131894976,206,0.048482969,206,0.160773814,206,0.248235479
205,0.337877393,205,0.102387905,205,0.141753703,205,0.051079545
204,-0.204935342,204,0.064078644,204,0.014312653,204,0.238751635
203,0.018230014,203,-0.152814522,203,0.102933638,203,0.041536693
202,0.18805109,202,0.088709302,202,-0.025748217,202,0.031153822
201,0.332912237,201,0.220655441,201,-0.073890693,201,0.153292596
200,0.285949618,200,0.207956523,200,0.289265484,200,-0.267419547